date,from,value,comment
2024-11-14 16:18:37,EQCT8p_OTuj-6GWOZcLBWMEPLOnSEXTgjNjpUPSv_72SLG60,4.16,4.16 TON Ref#GA2TEMBWGQ======
2024-11-14 16:18:40,EQCku2Rt-aU7_AiNG-7Lz66ruaywXDFXUGL8kbJ8UaEFwS4G,5.0,5 TON Ref#GA2TEMBWGM======
2024-11-14 16:18:40,EQAWGeG0LFhrwFTOnKt8swRj18gDoL2BC8b2YYCZ6bJRTFGA,2.18,2.18 TON Ref#GA2TEMBWGU======
2024-11-14 16:18:44,EQAkZ9fwLHNOz_PG8oJ0vz9GjfWkkQkax6r5x5_hZwav7eUQ,5.0,5 TON Ref#GA2TEMBWGY======
2024-11-14 16:18:47,EQAPdG6YQ4fyIa3zzxnCjChzF5SB980974JBH9X9EdSSpZcq,3.43,3.43 TON Ref#GA2TEMBWHA======
2024-11-14 16:18:53,EQAP8XX4fefY8d4X_k8TIVLpS3MhSv3ZvY7b3x-4mP2gDjHI,3.91,3.91 TON Ref#GA2TEMBXGM======
2024-11-14 16:18:54,EQCHSxseRQbko8NPUPCZmHJsaomlWUXw1NfCcxw0-lZQqhBa,1.44,1.44 TON Ref#GA2TEMBXGE======
2024-11-14 16:18:57,EQCG9ZBymovXCavbF4sFpuHYPzhySCdgqI55bzwsf6iu8iBJ,2.22,2.22 TON Ref#GA2TEMBXGA======
2024-11-14 16:19:00,EQDoPONeZqmrqUjMNLvxvDxuHSg90A_rNrYnxhiAMTQdTTES,2.48,2.48 TON Ref#GA2TEMBXGQ======
2024-11-14 16:19:03,EQAiEAfWgKCAiVIDmI_dYdX39SmccmOk7gBRWJsQb00Cf8vp,2.22,2.22 TON Ref#GA2TEMBXHA======
2024-11-14 16:19:03,EQDxyZzNH6BI2QplE7Co5J8j8MxIcU98pX1N4mgYwaluR82B,5.0,5 TON Ref#GA2TEMBXGU======
2024-11-14 16:19:06,EQBRuKBeudbKGnQ2FKJZki-nYZ8j-f7HOIlyvvzeJUbhnMYO,5.0,5 TON Ref#GA2TEMBXG4======
2024-11-14 16:19:06,EQBq1vB692GFfFFbXepno2yh316Be3d9J9R242X-bWy9FjnE,2.9,2.9 TON Ref#GA2TEMBYGI======
2024-11-14 16:19:10,EQDbBYHa6ngDXN6AGSFhsPcPzKDiS5U3vi1u451mE3mrj0N0,0.44,0.44 TON Ref#GA2TEMBYGE======
2024-11-14 16:19:11,EQAmcjVNaR_7OQlR8aT9xrZoI93OptfyDtOHzLKYJdA6q2wK,5.0,5 TON Ref#GA2TEMBYGQ======
2024-11-14 16:19:14,EQAq44ScymHJXhcfEWG5mASv46WDcWmDtID9CThDTowltZEP,2.8,2.8 TON Ref#GA2TEMBZGI======
2024-11-14 16:19:16,EQBV_CjQ52VWYU7dLMgZXycCBodhUuZulqt7LDV1xKYepWbh,2.93,2.93 TON Ref#GA2TEMBYHA======
2024-11-14 16:19:19,EQBeuINX-qqHwKUh9UM2uqy20fYx58Qrvo3PwaEnRw8TyGtM,2.34,2.34 TON Ref#GA2TEMBZGM======
2024-11-14 16:19:21,EQAayZHtcw2GhzSwQh6maQwTrAClxGgDh6Uq32cgwVbGMLOf,2.5,2.5 TON Ref#GA2TEMJQGE======
2024-11-14 16:19:21,EQAhD93dlBjko7ZNT0eIkHbZ7ZI3ngPpPhCSUJpO0sAyB3TX,2.99,2.99 TON Ref#GA2TEMJQGI======
2024-11-14 16:19:22,EQCgGxgs8TR9qnPdsbAK_1-N-zFcI5SAdQLw7Brn4pNjcY9_,3.64,3.64 TON Ref#GA2TEMBYGA======
2024-11-14 16:19:23,EQDiH_ymCzCj3UgJvynFUgNr5r8prqnRR7NvNin4ktrWK2Ov,1.94,1.94 TON Ref#GA2TEMBZGU======
2024-11-14 16:19:26,EQBPH9m32q07s-Z38_yAJRsTh2DbQMl42_CyF6Vc_PnTipt8,2.66,2.66 TON Ref#GA2TEMBZGY======
2024-11-14 16:19:26,EQDywWhYRnpMnRUrkbCJIccBv5r0MjMJJ6EcV8eoFuJFaaqq,1.05,1.05 TON Ref#GA2TEMJQGA======
2024-11-14 16:19:28,EQAlH2530k1cYxEcNcobuc_FWNurHvSwGnLNJLgpu2MwT0AP,3.73,3.73 TON Ref#GA2TEMBZGA======
2024-11-14 16:19:30,EQD1qeo8fxLML9Ijl36zJA8tuVkKpeRNWUVXIYpfoff1B9Au,5.0,5 TON Ref#GA2TEMJQGM======
2024-11-14 16:19:30,EQBlbJC_D-kLYxNIeLZgFdNRIwznQu_G68KqrI8tF_vsp4sH,2.48,2.48 TON Ref#GA2TEMBZHA======
2024-11-14 16:19:32,EQB3J5VnmQ7K9La7AJOGhx23L16pnMvOX6bzjdkcPThR-Yse,3.81,3.81 TON Ref#GA2TEMBZHE======
2024-11-14 16:19:33,EQCkJoabGANOlHc3o5sfLjWJ_dIodlCPRGQqcjLF2K9WApq-,3.36,3.36 TON Ref#GA2TEMJQGQ======
2024-11-14 16:19:37,EQBjQ61qagCUMo4graSkWWEcXaHE08ueLDuyKhbPnS2shrmr,3.11,3.11 TON Ref#GA2TEMJQHA======
2024-11-14 16:19:38,EQAec_MKAhnGJa92uysws6kEeYJ9ZBUR7xdoHBNv8ZltFuE3,3.24,3.24 TON Ref#GA2TEMJRGI======
2024-11-14 16:19:39,EQBOK3K5FgIsY177aqHMj30iUpB4YUkC5EgWK18RBOj9V2fs,1.36,1.36 TON Ref#GA2TEMJQG4======
2024-11-14 16:19:39,EQB1hrZ5N8OVqXQR36Ruq-qajN79NNorfqNQqeQy3gjdhNfn,2.8,2.8 TON Ref#GA2TEMJQGU======
2024-11-14 16:19:42,EQCFBkbWIE6WEsYahA3EUU3FGmSlOITIL3XDac4FXjmryqL1,2.78,2.78 TON Ref#GA2TEMJRGU======
2024-11-14 16:19:43,EQDlraWPbGxzFjC1j1CQv945tcMLJ8wj9B0L-0O-_fjwF7zk,3.24,3.24 TON Ref#GA2TEMJRGM======
2024-11-14 16:19:47,EQDf0DGdVb0lpJ436GiXR0yeNZduG5yvs58BGXXUROsNmdbF,3.31,3.31 TON Ref#GA2TEMJRG4======
2024-11-14 16:19:53,EQAlWaSQQDB1y0zdFi1Rh3pmL37FO1MeRthCwEbjqxGk7VnP,2.36,2.36 TON Ref#GA2TEMJSGI======
2024-11-14 16:19:56,EQBzPsV3OJbqo0rAQrzibgFvaMy6f6Wsyf7SR9ocrftO8jwj,2.85,2.85 TON Ref#GA2TEMJSGM======
2024-11-14 16:19:58,EQDhplZlMC9z9BvUfHtECDY4DiF5DOr-2-SjBZZQirI3e0pR,5.0,5 TON Ref#GA2TEMJSGA======
2024-11-14 16:20:02,EQAOyCuqFNYQAwiLvFKEWAhVnBeGx5W1oRu1pYcWcjZkM8Q0,1.72,1.72 TON Ref#GA2TEMJTGA======
2024-11-14 16:20:02,EQArQd9gPdtBCwAmNspZICF1HFrZng_nqSbGqnhm0hV-4Ccr,4.38,4.38 TON Ref#GA2TEMJSGY======
2024-11-14 16:20:05,EQAz2G3BIJCWuJ00D0qxGXVhUg631KQThMpXwyxNNjqGy3Yt,3.0,3 TON Ref#GA2TEMJTHA======
2024-11-14 16:20:06,EQBBpQ3dHVV_cd46S2nN5xD2AlbMAyt_p7qpKVaS2d9Mlfog,2.66,2.66 TON Ref#GA2TEMJTGQ======
2024-11-14 16:20:06,EQC_60ydBzTHk6vAEHulMOu1yZ0VHu6eEs6p205L6FOPwM4v,3.68,3.68 TON Ref#GA2TEMJTGU======
2024-11-14 16:20:06,EQC9dKReYZlnx2v966NAzyNNOjL1fHZL5QeVLO9Sc_dowBNU,2.8,2.8 TON Ref#GA2TEMJTG4======
2024-11-14 16:20:17,EQDdhZ6XVI1TOW6IH1RgWbA3iK80HeGkh-YVeLQHqiORW5eL,2.13,2.13 TON Ref#GA2TEMJTHE======
2024-11-14 16:20:19,EQCoOqQsKfkAT1cCgmcy1fhGnxJzKDHSwgVKFN-pK61FPrLh,2.44,2.44 TON Ref#GA2TEMJTGE======
2024-11-14 16:20:21,EQDBitheagbSfyu4X5nJt3ryoA4F2eq9ItWu6qUQqWAnXMTu,2.8,2.8 TON Ref#GA2TEMJSGE======
2024-11-14 16:20:21,EQA7e87IB-GUQaLGIlfo4e9dZiMPHsGuCB5h-oraj_JalKTr,2.96,2.96 TON Ref#GA2TEMJUGM======
2024-11-14 16:20:25,EQDsdUsi7yjKftCx30ijoXpjzmySpxwf6xp_1weCq7FDoA7o,5.0,5 TON Ref#GA2TEMJUG4======
2024-11-14 16:20:25,EQCVhk4uvjo6y3soXBMA81rupnfZYCfZamIeGq4V7FGuvWBN,5.0,5 TON Ref#GA2TEMJVGE======
2024-11-14 16:20:25,EQCER9FntPrinMgaCxrBPqNokO1BdZ8_cH5XVo3xYqOUDeLm,5.0,5 TON Ref#GA2TEMJUGQ======
2024-11-14 16:20:25,EQDbdASI6ll5IObuw1dUi1qMRQQsFbKP9OHH-PvibB0sPaE1,4.82,4.82 TON Ref#GA2TEMJUHA======
2024-11-14 16:20:27,EQA6wv49UD7EBKRoY7xBnSPhIXVHKx0nwZ6Sf2MGV1RPiWjN,2.1,2.1 TON Ref#GA2TEMJUHE======
2024-11-14 16:20:30,EQBCb3dHWuUmJSONwOMHwFVNYtJOgCKPGRhubnSDoi5WPG6D,2.7,2.7 TON Ref#GA2TEMJVGI======
2024-11-14 16:20:31,EQDzuRtG7L21yZHw7Oo7t_6OFTl9SiK-SN1_NT-IJ5cI3Pu-,1.7,1.7 TON Ref#GA2TEMJVGY======
2024-11-14 16:20:43,EQB8MiQ8Y_cHvP-9fE74w1Sd49MYdafkb3_l7UYvlhFqIo__,3.56,3.56 TON Ref#GA2TEMJVHE======
2024-11-14 16:20:43,EQBjGqSdaKD6jM_f97EgizG2AqYmMh_qS-8pOWomx1qTyenG,3.35,3.35 TON Ref#GA2TEMJWGQ======
2024-11-14 16:20:47,EQDNVn2BT41TkwZJXHQ6JBwWkFHhhvdsOjdyxIutcDfo8YAB,0.11,0.11 TON Ref#GA2TEMJWGM======
2024-11-14 16:20:58,EQA4cOC78_uGDpufkTBbegX8a_Qgkghj8JKv8bVNQoUPY9G2,2.66,2.66 TON Ref#GA2TEMJWGE======
2024-11-14 16:20:58,EQA88HhZXEep0a8701ZPEO99-xq8I1RuM8gdGs85qPhuzang,5.0,5 TON Ref#GA2TEMJXHE======
2024-11-14 16:20:58,EQCTiDVCBKDsrMr_rjpI8uHx11z8cCiiAewbK5vUx7U7aUGd,3.36,3.36 TON Ref#GA2TEMJXGQ======
2024-11-14 16:20:58,EQCCsVhweAlPjRIOnvbSssTu12PcIq_XCHHctGukf0_TAJho,5.0,5 TON Ref#GA2TEMJXGE======
2024-11-14 16:20:58,EQCZpuAXrNbjE0l4-B1q8jwJJbQVqFIn4HyjFcdBiL9fjgYz,2.78,2.78 TON Ref#GA2TEMJYGM======
2024-11-14 16:20:58,EQCL8ZB4sG6LD7E55WKiJfhDY17CS5b22RhFkifWtoEzdo-B,3.2,3.2 TON Ref#GA2TEMJXHA======
2024-11-14 16:20:58,EQBqhYScsCb5f8_GBpSf9VD3TLZeJqkD5BGSdVwHnJ_RNRMS,2.24,2.24 TON Ref#GA2TEMJXGU======
2024-11-14 16:21:04,EQD_TqvCrqmeUYnoV3ZWvezj2ebHJzOsdnfDjYP8l2qu0Hdj,3.91,3.91 TON Ref#GA2TEMJYG4======
2024-11-14 16:21:04,EQCESRuOocfmaV5b-LfXkIdOczBVBl5nfthjEHosDJ_V6Jpx,3.4,3.4 TON Ref#GA2TEMJYGU======
2024-11-14 16:21:09,EQDlqqBpQBIboIV0lnnaq5hdfkHWLuU6VoVQy4lMKwWrwbL6,3.49,3.49 TON Ref#GA2TEMJYHA======
2024-11-14 16:21:11,EQBlv7EBjOvDfEsf1TSp3jvJUVDemrZ6pxPIWfpVJ4DoMC_F,3.13,3.13 TON Ref#GA2TEMJYGI======
2024-11-14 16:21:11,EQBRHwtvG9WjLBZ84fLFMxOpWcCznxidRVvnDU2QK2QxfYJW,3.24,3.24 TON Ref#GA2TEMJYGQ======
2024-11-14 16:21:11,EQBrd2v-aYbTHYg8ufE9x-drLJfnubc3CKBSO3gj1y28QWFa,5.0,5 TON Ref#GA2TEMJWGU======
2024-11-14 16:21:17,EQDvsE7JZtIhsawt5uY8jGEGGHlsYkd9iAvI3-e_uyqklNze,1.79,1.79 TON Ref#GA2TEMJZGI======
2024-11-14 16:21:26,EQCB6SAiu9vUAAHiWYs0h5qpT6fo0zdK021RYYCLTT7WQiMI,2.55,2.55 TON Ref#GA2TEMJZHA======
2024-11-14 16:21:32,EQD9KmkyJdCSQ3vpLBWWFjp-itQPs7haIJp438Bvdeiw-2ps,5.0,5 TON Ref#GA2TEMRQGM======
2024-11-14 16:21:40,EQDcjyKN0xPOQ-rJG1olEllWzVlOu7_QXgV34PvxxxzCGIe7,3.37,3.37 TON Ref#GA2TEMRRGI======
2024-11-14 16:21:41,EQCLgnWJD8rwIsShy69AlcThLj_fSM_CLd2N-KHfZtEOMxyO,5.0,5 TON Ref#GA2TEMRRHA======
2024-11-14 16:21:48,EQAj3KErQPpZB4iKqXC3GomHC7cFHon2FtBzbizHrKbM7jYc,4.69,4.69 TON Ref#GA2TEMRRG4======
2024-11-14 16:21:48,EQDJDW0FgnB5tevugF_fzK7OWQYergz_WKdwUXp1tCaWJbGc,2.93,2.93 TON Ref#GA2TEMRRHE======
2024-11-14 16:21:50,EQBUQkwSfVm7APt1oQ3QbUBAqypDwwGN2hsnsNevRWyDDYCy,4.7,4.7 TON Ref#GA2TEMRSGA======
2024-11-14 16:21:52,EQA35MN0B4vilhudVsS5RrhsL3QGVKh0yAPJwid-j5UL-inM,0.13,0.13 TON Ref#GA2TEMRSGY======
2024-11-14 16:21:52,EQAIPuqcUk7YAxAoP6uSzQ1iF85K0XHeJINGpWdFdDxqNQbY,5.0,5 TON Ref#GA2TEMRSGM======
2024-11-14 16:21:55,EQB9NesyV-tBC7OVaEYioNzUUZBhmsg6T75Yssx3cx_sdC-T,2.66,2.66 TON Ref#GA2TEMRTGE======
2024-11-14 16:21:59,EQB086sjv8fwizDqkMMLD7fNiM_P0b6E3Bh-v8lXYjQ9MMf_,1.89,1.89 TON Ref#GA2TEMRTGM======
2024-11-14 16:22:01,EQAsbzJo2B_ZC7LY0MJRXB6MA7BHkbNmd5WTYpodd1lJLOy8,0.89,0.89 TON Ref#GA2TEMRTGA======
2024-11-14 16:22:06,EQCwMimZsI_7lvXFB9XteSQHzypvpz1AcM3YqY59o5PvUw9h,3.13,3.13 TON Ref#GA2TEMRTHA======
2024-11-14 16:22:06,EQD0BLjJ7L1l8rrTz5AKT5wRamc6zWi1zn2LI9nn4anusByO,2.1,2.1 TON Ref#GA2TEMRTHE======
2024-11-14 16:22:06,EQC4oC8_OsiWURxHQBCpY9JXypskJ43ZtCRnfS1TI8jPXRvQ,1.73,1.73 TON Ref#GA2TEMRTG4======
2024-11-14 16:22:07,EQBhp1c5Q3CDAljemt9Qu_pNAnACB9KpCL65JyS-eoTX6zRU,4.29,4.29 TON Ref#GA2TEMRTGU======
2024-11-14 16:22:08,EQAtAyw_9vS3akLYI5LW5k_pwdFsNumVQG3LoQL4_rJMLJ3i,4.73,4.73 TON Ref#GA2TEMRTGQ======
2024-11-14 16:22:10,EQCtQoq1vWICSmvx7w61i6EmTbAvy6vbLR6M8qnD8MAOCW0-,2.51,2.51 TON Ref#GA2TEMRUGM======
2024-11-14 16:22:15,EQB6pbYvTDR_BMzzGpinMHz2EHzzRpKHq-gNaQek2N8urdJF,3.0,3 TON Ref#GA2TEMRUG4======
2024-11-14 16:22:18,EQARZtot-Z_GS3Ib3NnH3dy_fuX2pAX5b0mvgd5wVAr6kcQa,2.66,2.66 TON Ref#GA2TEMRUHE======
2024-11-14 16:22:19,EQCaoDggl_sRuz9rffORkdjhAXLSj-lR_WC1DKVQx1U5GS4C,2.99,2.99 TON Ref#GA2TEMRUHA======
2024-11-14 16:22:19,EQCMAByJtpE8MxeR4ba1Dks4u_QTTcN4kVKGM4CkfNf-yHXj,2.65,2.65 TON Ref#GA2TEMRVGA======
2024-11-14 16:22:19,EQDmIvqaQ-jftKUNZ5TQD0dyudDf0Tl5bbKZNiSHeCzl_n-m,2.84,2.84 TON Ref#GA2TEMRSGI======
2024-11-14 16:22:22,EQAXonbWntvACIEladNppIMvDjtWDhUtPE2Yi7KK7i0Dz8MP,3.1,3.1 TON Ref#GA2TEMRVGM======
2024-11-14 16:22:22,EQARC4bcsBL_qZTSz7yvoqoto3A7wfHpSzCjjE6jQT14xUuE,5.0,5 TON Ref#GA2TEMRUGY======
2024-11-14 16:22:22,EQDaoY-7XpnPpTxLLM56oyLQ0agBcthnS9nsBVVsa_pfs95G,2.12,2.12 TON Ref#GA2TEMRVGQ======
2024-11-14 16:22:26,EQC5uBtmOsIl9SSsAfR8Bg3w6U9PyQ4eUH-F8Lbwd7L5d40P,3.25,3.25 TON Ref#GA2TEMRWGE======
2024-11-14 16:22:29,EQBMQKK55I6j_VkNmQTGyIR8HzFvS72wYqSt5TGXB9x_Usly,2.18,2.18 TON Ref#GA2TEMRVHE======
2024-11-14 16:22:32,EQCKXnuqrgcUQpr6VRKOHz-7fP7TGgfwR_Q5Hjdg1rVNQ5Nt,2.72,2.72 TON Ref#GA2TEMRWGY======
2024-11-14 16:22:33,EQAcGDO_hoM7h447sElHTJ702FX5icDelGDTbE6PCGgWH-_K,2.8,2.8 TON Ref#GA2TEMRWGQ======
2024-11-14 16:22:37,EQBsC1s0da4OcXeR4FN2f1SRjDuFwFq2_sy0XiYtnzaXhpKE,3.0,3 TON Ref#GA2TEMRXGI======
2024-11-14 16:22:37,EQDlEqkYI_qIuqyMkJVwBuyMyBnsFKMK2D0jnwL4KeKFFLP0,3.55,3.55 TON Ref#GA2TEMRWGI======
2024-11-14 16:22:37,EQD5Ah-4dWQElqvk0pekIj01VeHW3GNcQsQX4UknbG_xv8EX,4.0,4 TON Ref#GA2TEMRVGU======
2024-11-14 16:22:40,EQC48_YDSSgy9YRVQzVWhjz0Ex7V61CI4TDs9RUzs4bu9x2j,3.81,3.81 TON Ref#GA2TEMRXGM======
2024-11-14 16:22:40,EQCsHVb_WSfEw1x-A1I9uGY7G0FM5YsdVvooQDJ_gplTHaAp,3.24,3.24 TON Ref#GA2TEMRVGY======
2024-11-14 16:22:40,EQDzLp9ilsMpIySkFONIqfLCf5T9x8yz0Una5qRkAYRiOAM1,4.72,4.72 TON Ref#GA2TEMRYGA======
2024-11-14 16:22:42,EQCZwu4Q475HopCrM46VQLumh1utkfEOupirZxkIoNwkwsVD,4.0,4 TON Ref#GA2TEMRXGU======
2024-11-14 16:22:42,EQCiUXVp__vfFxj9qTxanf7t2q2gGOFTnjAx77uplV9Srk97,1.93,1.93 TON Ref#GA2TEMRXHA======
2024-11-14 16:22:46,EQDinEjmKKHV0GhPNX_ElalCTQ6jo4zFFzwgQPZRjOnlXwI4,3.59,3.59 TON Ref#GA2TEMRXG4======
2024-11-14 16:22:48,EQCSoPiHp06MOtycxLby-hagVUr2QVc-Sbwm3dyxwn_EGpDe,4.76,4.76 TON Ref#GA2TEMRYGY======
2024-11-14 16:22:48,EQB_tbe6Umk8rOFZxrwLHCeoVkHb3UjKy0GOZS-jlMskHj1J,4.0,4 TON Ref#GA2TEMRYG4======
2024-11-14 16:22:48,EQC_JMNDjJEloh8MMKR-XZKaWGaeT_ezT5SW8SwOT-Af2zEb,2.33,2.33 TON Ref#GA2TEMRWHA======
2024-11-14 16:22:54,EQB0y0RoIOmsqOL4NZiCgbqfA-8rRfUB0JmCJcjoqcTk-fzm,3.63,3.63 TON Ref#GA2TEMRYHA======
2024-11-14 16:22:56,EQAztAtRUIebSCoV0CSJBQw6kXFgMEIISiqJP_t8qHhKdTdm,2.08,2.08 TON Ref#GA2TEMRZGA======
2024-11-14 16:22:59,EQAmZYHtTG6QqVWpLHn8xSwPuG0Duwucyj5esWz-l7r0ufh-,5.0,5 TON Ref#GA2TEMRZHA======
2024-11-14 16:23:01,EQDeJxJUWEW_9KU1-fLMmb2-Nj54BJNba6XSu0b3dqO5PGkG,2.98,2.98 TON Ref#GA2TEMRZGM======
2024-11-14 16:23:05,EQAGhgCafqManTepLv_ub2OBbXRDY9AaDPEZc5ntS0kcSMS7,4.58,4.58 TON Ref#GA2TEMZQGI======
2024-11-14 16:23:07,EQD_saai8jGUhg2mMfqAzJc_fA5vGYDCUrKD0RxP3fowKsyb,1.79,1.79 TON Ref#GA2TEMZQGU======
2024-11-14 16:23:08,EQA308O-FmdKRuBrbsbdvY0GmZ7gZ3ovnCRMgvAM33HiKBAZ,3.24,3.24 TON Ref#GA2TEMZQHE======
2024-11-14 16:23:10,EQDfgpOyvoQzcCLjQ37FEycZS1UyFdNli-m398LsCPDzhE9X,1.75,1.75 TON Ref#GA2TEMZQG4======
2024-11-14 16:23:16,EQALSciNm3IflPQgDuggEVSpPDYFW8EHpc_WVHqHdWeCnC2K,2.71,2.71 TON Ref#GA2TEMZRGE======
2024-11-14 16:23:16,EQAf7oRT6MX826Et_WlNf3HOWBiHfOf54v78pV26VrtbTrRu,2.4,2.4 TON Ref#GA2TEMZRGI======
2024-11-14 16:23:16,EQA6iTvhGHc6V5RMMlT7qaMwXTSk_TIaCcWEtyUNFMDEHAto,1.79,1.79 TON Ref#GA2TEMZRGM======
2024-11-14 16:23:16,EQDBzd5PPeUwenBT0g5JIOT90p7dYyDq7w5W2nv5E_-KwgdX,3.32,3.32 TON Ref#GA2TEMZSGU======
2024-11-14 16:23:16,EQDdOqZniokiaT9zvJA-JvyY0NV9tyTK4GsFa8jw0vCfrEAm,2.06,2.06 TON Ref#GA2TEMZRGY======
2024-11-14 16:23:20,EQCq4fz68tcPMwyarjVdv_RW5CZO6zZprSc3O46v8Q5LLso-,3.24,3.24 TON Ref#GA2TEMZSHA======
2024-11-14 16:23:21,EQB2JeRuJry3S0MNccscv07V1X_Q-TnxpX7nZaDmRZAGWhhw,1.77,1.77 TON Ref#GA2TEMZRGU======
2024-11-14 16:23:22,EQAhxNTrYC0Yrxj4F9ElAKRCHbtz96BfWqefkmSKwWSeySpT,2.94,2.94 TON Ref#GA2TEMZSGQ======
2024-11-14 16:23:28,EQDMdifZazKcnKLGIlNQs5j6_Lskn_nUq9l6MiamSq3XPSvE,3.24,3.24 TON Ref#GA2TEMZUGI======
2024-11-14 16:23:30,EQBrSaA4i7wAAbHB2v6Ernpy1d02svUyFJPXqx7Tna10GK1Y,5.0,5 TON Ref#GA2TEMZTGM======
2024-11-14 16:23:33,EQCXMYyYu7VBGOLvBLhw8cJ9upoGd2fBLllIIFtPlKTm1dT6,3.1,3.1 TON Ref#GA2TEMZTGQ======
2024-11-14 16:23:38,EQA6c7edMcbNYgqJRLz_XjfPH9AUK1L3eC5CFyW_PdtElefG,3.5,3.5 TON Ref#GA2TEMZUGM======
2024-11-14 16:23:40,EQB3AN1bJebybRFR1PF5D-iBBmsTVsHjORXIzwi6tbmrai7O,3.61,3.61 TON Ref#GA2TEMZVHE======
2024-11-14 16:23:40,EQC5e4HCeL523sbt4lj-xVN6wflSX73pf0_gXfYliDKsACg0,2.6,2.6 TON Ref#GA2TEMZTGY======
2024-11-14 16:23:42,EQDCZZ73FPaz6_Va1_DVfCKFRq574sjtBfSdsORGIC2Sc1Bb,3.24,3.24 TON Ref#GA2TEMZUGA======
2024-11-14 16:23:44,EQALV5p5K1ipOU-LNHJlC5NluKnNJCvpzNIuRkueRvOdZzPw,4.31,4.31 TON Ref#GA2TEMZVGQ======
2024-11-14 16:23:45,EQDJEKmKKQ3wdxHefQTpDLBxIzbehG0M5DrfexGWGl838XNQ,2.73,2.73 TON Ref#GA2TEMZVG4======
2024-11-14 16:23:47,EQBtXLo9ewIEkeL7hBQMunir4S1Fx-0KtQsqpD2xHH9k15yo,3.99,3.99 TON Ref#GA2TEMZWGI======
2024-11-14 16:23:48,EQCMoI919HRDdJkkM0cozk7GZzeRccoifL6lhpzY1uSatlHo,2.45,2.45 TON Ref#GA2TEMZWGM======
2024-11-14 16:23:51,EQBBZzu5b0pLK_7wdr1YgJLjN2hIjnODfTPG3PkGJUZRjzQt,3.5,3.5 TON Ref#GA2TEMZWGY======
2024-11-14 16:23:51,EQBQxILkMxLY-IrJRpIpP5RJuBaiF-O0__Uxy9IWYTRYzHWq,3.33,3.33 TON Ref#GA2TEMZWHA======
2024-11-14 16:23:52,EQAFUrjWtXygYHhkKvkJhLs32tFndhgRlwg0aAUntky4zrhJ,2.88,2.88 TON Ref#GA2TEMZWG4======
2024-11-14 16:23:52,EQAURA_0V2EAst_Qzl1S1LGoR9Ln-GysleudzP7-43lYYzOm,2.49,2.49 TON Ref#GA2TEMZWHE======
2024-11-14 16:23:55,EQDogDvHLPeS8jB7gJ8itXXU-hWqXdMd5_8dXRVhWEmQ6gNd,3.24,3.24 TON Ref#GA2TEMZXGU======
2024-11-14 16:23:58,EQBNKRnDtF2reQv9CpHVBy88jI3wxYAYj-bRBpVnpCqv9ez7,3.6,3.6 TON Ref#GA2TEMZXHE======
2024-11-14 16:24:04,EQDWjza1JT4t75-ifa8HJmBurv6ECrL33srSaJ3GFmSAxV40,2.43,2.43 TON Ref#GA2TEMZYGE======
2024-11-14 16:24:05,EQBjJmZBWNkfw0WKhPygM_EsArv7csdLiOgQ92eMJFNv3h5u,4.73,4.73 TON Ref#GA2TEMZXGI======
2024-11-14 16:24:07,EQALYfopwC2XkVbaJvLTEEzejE7TxxN3XeNIbsnhAWIxB6a7,1.65,1.65 TON Ref#GA2TEMZYHE======
2024-11-14 16:24:07,EQDjJ0ovq-ScLG5kyK_AH-hcgu63hu1VRZXBSifxvmVAnuAq,4.83,4.83 TON Ref#GA2TEMZYGU======
2024-11-14 16:24:07,EQDXWXtgsJbVkD9Ue4SnM64d-C5XT4-qmuFq355HUUBLWFiJ,3.24,3.24 TON Ref#GA2TEMZYGY======
2024-11-14 16:24:10,EQA3eDbJ72GK5wjz7U9bnIt9xJGavJ9l2QaX4uKx_InUQRUK,4.72,4.72 TON Ref#GA2TEMZZGE======
2024-11-14 16:24:10,EQA-qE_b3VGv-FgtZERMq64McvsHBtNNtwn_0Io7WAitdn1H,2.54,2.54 TON Ref#GA2TEMZWGU======
2024-11-14 16:24:18,EQDFULUbqBi38rp5XeugxCUddLJ51YB3OnTKlPK_gKQYk3Pp,2.53,2.53 TON Ref#GA2TEMZZGY======
2024-11-14 16:24:21,EQAjfpeKYl42RrEYHwKsysZI20lINqnNH6WojM-DsXSKpMqs,5.0,5 TON Ref#GA2TENBQGI======
2024-11-14 16:24:21,EQC5C_rMbi6gwshJb3AYXTj61K3oNxHMXjYSsfQzYFiAuQtR,3.22,3.22 TON Ref#GA2TEMZZG4======
2024-11-14 16:24:26,EQBakANKSJ0mzBRMSREXFUsbXg1cvJcsN2UbQ_KnBp2eAJ8O,2.86,2.86 TON Ref#GA2TENBQGU======
2024-11-14 16:24:29,EQAn88-xLEYfeJu709bANkw2KOfDRPyXT7oiTS7RbpkgT8Fp,1.94,1.94 TON Ref#GA2TENBQHE======
2024-11-14 16:24:32,EQA-Vb4WTG84pVx50pN6H4tU5S9Peg4QKUMx7EDh7ylf-f7M,2.9,2.9 TON Ref#GA2TENBRGY======
2024-11-14 16:24:37,EQAveSM2Tr4OQXTZTFIeuSUQe80_wqFwU05cgXrjvRBZjWhE,3.43,3.43 TON Ref#GA2TENBQHA======
2024-11-14 16:24:40,EQAm-l7JX0_r9utCQbPsf9cvha6uGGhmUrGVLQpwT4pU5TXa,5.0,5 TON Ref#GA2TENBSGE======
2024-11-14 16:24:42,EQAB9hcK7T5wrPUj7e0hCw-8pFTcWhM_yr9yRn1DnGWHYQKA,2.38,2.38 TON Ref#GA2TENBRHE======
2024-11-14 16:24:48,EQAUqat_meE-MeWKNjvH34us4-wFdxhWBWejY603D0HPpBwu,3.45,3.45 TON Ref#GA2TENBTGI======
2024-11-14 16:24:51,EQCdjcYuDg5cztMhUOghU6q0oDIA5pOZL9miILnNoLEYrxqZ,2.2,2.2 TON Ref#GA2TENBTGM======
2024-11-14 16:24:58,EQCnuJFlie6QWwv2et_NFyHcXoHqZn7jxrDoZ4_CnG3AS4B-,2.97,2.97 TON Ref#GA2TENBTGU======
2024-11-14 16:24:58,EQDS6n1Qgw3Gdrw4C0lDSZxAPmGJmvP9IAh18skYLStsjjcu,2.2,2.2 TON Ref#GA2TENBTHA======
2024-11-14 16:24:58,EQDKkZZgasl_Sxv88RSH127FY4AxtmJ7-HhpjTJfB5QQJgXP,5.0,5 TON Ref#GA2TENBUGA======
2024-11-14 16:25:15,EQAoLvOhvOXj3qhoK5Drfw6jzkB9TAnskiEmPIxtYOV5QjJ_,1.21,1.21 TON Ref#GA2TENBVGA======
2024-11-14 16:25:18,EQCFSUNXRRFd6zpxyFVSKECj2F18mTbhUTfichSWtjHEatGH,3.62,3.62 TON Ref#GA2TENBUHE======
2024-11-14 16:25:20,EQDC3GNhs6cfAwbTOtOSwksK4z0EEvYl9HBfPoGid5FbL344,3.1,3.1 TON Ref#GA2TENBUHA======
2024-11-14 16:25:26,EQBW_nlr-tv9W1sobo5iViK2tpSv1iF_GsxV0LQYfSJij7-3,2.87,2.87 TON Ref#GA2TENBVG4======
2024-11-14 16:25:34,EQDTf1r6vfURzVlEtikOn0lafHqmnAuwyp_PAZlj5tWp1DRw,1.97,1.97 TON Ref#GA2TENBWGI======
2024-11-14 16:25:45,EQCvxy_upMARJuBpDhCtiXs24TwsoW4fXQfIucewT3aX7ap9,2.66,2.66 TON Ref#GA2TENBXGI======
2024-11-14 16:25:48,EQA-fPGAlqxJs3pxW8pSw_yu_I7JGJOGu9pEPFhb6QeehWYF,2.0,2 TON Ref#GA2TENBWGY======
2024-11-14 16:25:51,EQBgBrj57fkyICSTHb6S3eMQNVo1nJ6cYahjatBljUflgA6v,3.83,3.83 TON Ref#GA2TENBXHE======
2024-11-14 16:25:55,EQAtHMUAZggozVKcKdG4Btj1A6gtliBtrvS_meNhOPzPTqIy,3.65,3.65 TON Ref#GA2TENBZGM======
2024-11-14 16:25:56,EQD0MgmNJrVDhu0JnzN7Yd4ZR6FL0maY6GveDJMMJNP1JMDz,3.99,3.99 TON Ref#GA2TENBXGU======
2024-11-14 16:25:56,EQDXFONkSy0fUiBYWTL2aUIRxBWYUDGIHVp4F0Z12E7DinzL,1.34,1.34 TON Ref#GA2TENBYGA======
2024-11-14 16:25:58,EQBjR3NzLau0oqb76uuQqpZy27EBoh22p3QONDWwNA7wBhPu,4.79,4.79 TON Ref#GA2TENBXG4======
2024-11-14 16:25:59,EQC-TolWFc8W82K8uukk_toYJ4srNDPMavYTZlBtcjXg4g8Z,2.17,2.17 TON Ref#GA2TENBZGQ======
2024-11-14 16:25:59,EQCCfZHBqWRmomXh5mCy53VSDuTRe8vYCSYTVoXQfpuggCEW,3.12,3.12 TON Ref#GA2TENBYGM======
2024-11-14 16:26:01,EQBpHTy7ArKTN_HnqNlsYBhTeE2s1l7r7vfaFXI4tlggZUNu,3.57,3.57 TON Ref#GA2TENBZHE======
2024-11-14 16:26:10,EQAR4wnwZmIU1-GJvBOh63OvnJXSgA3idttdWbcoxw5dR8qq,3.0,3 TON Ref#GA2TENJQHA======
2024-11-14 16:26:10,EQAGRO6ht0XlMh9wXSD8ZQK1T0SCzl8bmh_958y8EXQONPWw,3.02,3.02 TON Ref#GA2TENJQGI======
2024-11-14 16:26:11,EQDDg5U57h_DSsUw5oYjc4BL3iJuJjx5-j4lJ3-iKxE6nZVT,3.05,3.05 TON Ref#GA2TENJQGQ======
2024-11-14 16:26:15,EQCBm2yFsjSwwhno_XJMBCYAFnWtWLtJZb5N7uSd3-mQs-Yz,5.0,5 TON Ref#GA2TENJQHE======
2024-11-14 16:26:22,EQBnBgHivtQMSGUPJ0EWilThDzQDjETWb1hPYtrpuB0V_ttd,2.98,2.98 TON Ref#GA2TENJRG4======
2024-11-14 16:26:31,EQDJ8TAIn3JNP6s-21_KeLhGhl1uXGsb1z6o9gO9F-HJFU92,2.75,2.75 TON Ref#GA2TENJSGQ======
2024-11-14 16:26:34,EQD-n3wVhVwMVNGTa4jWOE-4wwlO1VJVSSnArF3FcRPK2aKM,3.24,3.24 TON Ref#GA2TENJSGU======
2024-11-14 16:26:35,EQBlVJ8H08-FWLk0ELYQ7ij_O-HNfDuZsxrpal0lw0-8yF04,2.91,2.91 TON Ref#GA2TENBZG4======
2024-11-14 16:26:45,EQBDc4ojKwCspqp3YqFULzN17GcwHy701utK37hxwtdXBXYa,3.22,3.22 TON Ref#GA2TENJTHA======
2024-11-14 16:26:50,EQAAJy6LqLjFAKroLX2tm6avEBJT0TAqb-yiwZSrRMxDL3_l,3.02,3.02 TON Ref#GA2TENJUHE======
2024-11-14 16:26:50,EQAQhdFWOTvqRDTjW1mfGFnS0zV0rTDUGI954FTO5SjrKCKX,4.73,4.73 TON Ref#GA2TENJUG4======
2024-11-14 16:26:50,EQAVYaKHXwSrhWs0nOTDeYYhIfuNp6feAL78X_E1g3GE9PsT,2.21,2.21 TON Ref#GA2TENJUGI======
2024-11-14 16:26:54,EQCOCHXU80nkQTCQYGcGeJ6Yr4r5O-4-ak8E9RbgREl-u42j,2.77,2.77 TON Ref#GA2TENJVGA======
2024-11-14 16:26:59,EQBGqlHVFiaPYxJZcvF-l-I2ntbXk3XmCZDehmXL8zrg8jFM,2.52,2.52 TON Ref#GA2TENJUGA======
2024-11-14 16:27:03,EQCGczNxMKgbXrBju85TXYwRuC_Otj0mFjZ-90nnuNf4LYsQ,2.8,2.8 TON Ref#GA2TENJVGY======
2024-11-14 16:27:06,EQAt-AACNXSA3W5WAUFaKIAWZkmdQpQTc6VwhUqjwUP9beVL,2.64,2.64 TON Ref#GA2TENJWHA======
2024-11-14 16:27:06,EQAmszSKe2bF_8WgqDiVOxA2DlomfDq2DFzVZR4mlXc0Ovt-,2.22,2.22 TON Ref#GA2TENJVHE======
2024-11-14 16:27:10,EQDDPrYyhpum3Uk1LAIPAPbTndiT2Nk6uDLnqLIwwG7cRPcD,2.66,2.66 TON Ref#GA2TENJWGI======
2024-11-14 16:27:10,EQD8cZYJ49dmcYmIt4_p5cWmOE1QeD-100v4Hx8dejS8CxSz,2.66,2.66 TON Ref#GA2TENJVHA======
2024-11-14 16:27:10,EQD0kIipty_mRd0EXztj88qMYUFMzyv1ChyQDVOtxv_BL0c6,2.21,2.21 TON Ref#GA2TENJWG4======
2024-11-14 16:27:15,EQC-K2bKHi1M4A1QxS4X2J-cWwLESiLvAMoQA2KnxVWtEpGF,3.13,3.13 TON Ref#GA2TENJWGQ======
2024-11-14 16:27:19,EQDcB_HCey0uyYbVfiWB4VJ8xtY0e39Wa4ZJTC9j-9u1J2vn,3.2,3.2 TON Ref#GA2TENJXGI======
2024-11-14 16:27:21,EQCgJFAV8j6HpIo7HsYQhKLvUcz9NKu13gfp1qCmhbnXHIUW,2.63,2.63 TON Ref#GA2TENJXGQ======
2024-11-14 16:27:28,EQC9fJFMan5mKC3juj-XcP1RRMLoEAkmuMsQc1VE73Sy2Xyy,3.24,3.24 TON Ref#GA2TENJYGM======
2024-11-14 16:27:32,EQD_PVceypPm2GqNrB0H53fHHrxeMp5MQDb5_q2ldSt_HEGZ,1.72,1.72 TON Ref#GA2TENJZGA======
2024-11-14 16:27:34,EQB0aIxXB6Y9_01cbzhTte2eJH4Gg-Zhgd1rb1zc8gfd35eb,2.57,2.57 TON Ref#GA2TENJZGY======
2024-11-14 16:27:38,EQC1MURu3cqDHmN6YKBNhbOkMIG2Spm6xho1Pwm2XRck-Llj,2.5,2.5 TON Ref#GA2TENJYG4======
2024-11-14 16:27:39,EQAOYnjmhnpec4s-4aiNgo-ayCgNSg2B1EeBgtXcK0d-ZQQT,2.76,2.76 TON Ref#GA2TENJZGI======
2024-11-14 16:27:41,EQBthba90q7tuAPUZsCgdJrRObBWfoj7DI9mGXmzB7VklN9n,3.96,3.96 TON Ref#GA2TENRQGE======
2024-11-14 16:27:43,EQCmc8925Bjp7bt-spJl8g1W3as2KHE6aeMqdmcPS2EMwmYg,2.78,2.78 TON Ref#GA2TENRRGE======
2024-11-14 16:27:44,EQBxnpD4QMAyrNsA8wlXj5fbDnOOp7U0M-K6oGnn9RhxNgBG,5.0,5 TON Ref#GA2TENRQGI======
2024-11-14 16:27:46,EQDcym0-0e5Uqhhx6hSisfCo6SsPClIUojVAkFi0A2YFGKxq,2.7,2.7 TON Ref#GA2TENRRGM======
2024-11-14 16:27:47,EQBa4nlLPz9Rb1WTdi0Cf7xSLSRQFsnVzqyHbupgruOemz00,5.0,5 TON Ref#GA2TENRQHA======
2024-11-14 16:27:53,EQAAOxJR8VVVbd0sJ5lVulMSEk8lwYr_bhQy-pbRqUUGI2Hs,4.7,4.7 TON Ref#GA2TENRSGI======
2024-11-14 16:27:54,EQD1C4jPMMu8lknIcx7_sEHEfZe7l5w9kSniw3p-TJEgCnjx,2.13,2.13 TON Ref#GA2TENRRGI======
2024-11-14 16:27:56,EQAUVbkQ2997coUBOKNdB7ZMBlKcgKVv5IBAtRtkmk66ye8e,3.49,3.49 TON Ref#GA2TENRSGU======
2024-11-14 16:27:58,EQCdZwVDKqbUJBvUSjVk8m2zr2mU2DPht2oNcYdLPfArBE3C,4.73,4.73 TON Ref#GA2TENJZHA======
2024-11-14 16:27:58,EQCY1uP4jjjDZGMogfTY1F5Z2Y0oWoTSRDuA-092LDgGt92-,3.16,3.16 TON Ref#GA2TENRSGM======
2024-11-14 16:28:02,EQC9jW99LVtXSAUZADYrJHAMYe87gMi7dvuhzBtfkc-16Wu7,3.12,3.12 TON Ref#GA2TENRSHA======
2024-11-14 16:28:03,EQBKdUldPEWMJzhmfpnKG4ImR3I3y_3gzLb7hbImrAK8tZDC,2.74,2.74 TON Ref#GA2TENRTGQ======
2024-11-14 16:28:03,EQBmSrsbvXBkvENiEB7OPI3VmSe42ejpt7XpV2bIIuydzBHg,1.57,1.57 TON Ref#GA2TENRSGY======
2024-11-14 16:28:03,EQBj-dI2DQoS5DTEzw9OOu6LIuhGhVg5zq2FW_-Vv9nG-dIb,5.0,5 TON Ref#GA2TENRSG4======
2024-11-14 16:28:03,EQAwUfVjSFHrlpQ1ApUM68nGOELWoDMZ5bANjFax1ounuCaf,1.79,1.79 TON Ref#GA2TENRTGA======
2024-11-14 16:28:07,EQCCh2RDlvj3YMLBzTUnsxQPjGHlHsqyiB1ON71KyC4KvprF,2.99,2.99 TON Ref#GA2TENRSGA======
2024-11-14 16:28:16,EQD1mrro_9wXaedxGAFLo6VmUy5VIiM36Z-Kd9JHwKzSdt2a,3.18,3.18 TON Ref#GA2TENRTHE======
2024-11-14 16:28:17,EQB9JZ_KD-aGNMBpBwXqSjycEnKj4rtxpCNfZK5_t7oW96F-,3.26,3.26 TON Ref#GA2TENRTGI======
2024-11-14 16:28:18,EQD90sKzMq-7PuqLWlf5iN4E-jPRaHWg7YQXL6M9TYymfp-z,2.52,2.52 TON Ref#GA2TENRUG4======
2024-11-14 16:28:20,EQAgsaMWGJv-V4a1ig-ASXgIrOAGrAseDlzwrRs8nJW4W-j_,0.95,0.95 TON Ref#GA2TENRUGU======
2024-11-14 16:28:23,EQCptvz7EkUvV5lbIT6a3OUAXCjIA6sxoho1aedY_4Dj9__K,1.62,1.62 TON Ref#GA2TENRUGQ======
2024-11-14 16:28:24,EQDSzex47vC8nvdizzvTLBLdFKvhcqiR21ZeR6erWB-8S57W,3.61,3.61 TON Ref#GA2TENRVGE======
2024-11-14 16:28:28,EQDm7hbfGOjzyHxEY5aKAOUOcPsuDFBgx1g_ZOxb4_QOu0gK,5.0,5 TON Ref#GA2TENRWGU======
2024-11-14 16:28:31,EQDe-2qr8maOBMdEUh16zd57lqv_z-mHlZn4dMb7eECIdFX3,3.75,3.75 TON Ref#GA2TENRTGY======
2024-11-14 16:28:40,EQAttwvQ4-IP03gkZuYaLvBlmQN5HLUvjefEWI_Icnrjz8iR,2.21,2.21 TON Ref#GA2TENRXGQ======
2024-11-14 16:28:46,EQCuQKfLKFP_YsF_anpjWvp9sGUwhlyDYSVycY_wDcAzei8c,2.6,2.6 TON Ref#GA2TENRXGY======
2024-11-14 16:28:59,EQAhiT1uxNmXM0CD_ojq9R_-nib9d9V9tlRcXCoMpfivIhMB,4.71,4.71 TON Ref#GA2TENRTGU======
2024-11-14 16:29:06,EQBGlrY4mYjxtJU_vLnVsWX8W86O8-DkG8ywP6Ra5gK7yBvv,5.0,5 TON Ref#GA2TENRZGY======
2024-11-14 16:29:06,EQB7jW2-IOK7_SHxROG6ljf1o-JjfU4I1edlOdFPYDeBz861,2.57,2.57 TON Ref#GA2TENRZGU======
2024-11-14 16:29:18,EQBSidujOLVpm2wbvsZj3dKdWYk3Xqr3wmVrGula7c-oRX1q,2.98,2.98 TON Ref#GA2TENRZG4======
2024-11-14 16:29:18,EQAzAwY46qMI22UsjpHmF-mmL3PGdNMIxamd_1Q1CkyY0U7m,1.79,1.79 TON Ref#GA2TENZQGQ======
2024-11-14 16:29:18,EQCe0r7BMtLRVKSfNpH1nYTr-0SzmBZaAtiEK418AyP0QFTL,4.73,4.73 TON Ref#GA2TENRZGI======
2024-11-14 16:29:24,EQA9bnJDJhTLCcOM07_ee-FlmpAOfKouBPTnWFOvwDYcoXOH,4.0,4 TON Ref#GA2TENZQGE======
2024-11-14 16:29:24,EQAvpeOzN8SKuc4VnOwy-EVBTFGVO9NDcfpyH7pm2TgE_ghz,4.0,4 TON Ref#GA2TENRZHE======
2024-11-14 16:29:26,EQBOLvtggINQXhBYKgNJO7AbQon4p-mnue58aVkUcL3GcJug,3.24,3.24 TON Ref#GA2TENZQHE======
2024-11-14 16:29:27,EQDHuWi0TUB11qr6cMxAwYWVqFv1MFLw7OB_ZrebzenjsEjW,5.0,5 TON Ref#GA2TENZRHE======
2024-11-14 16:29:27,EQCGcDLV8FPu7twsvqE76-iOkOyxl7XsJv28SeYLWCUDKvhT,1.35,1.35 TON Ref#GA2TENZQGA======
2024-11-14 16:29:30,EQBnZ-rIX96WGSc8f_Z1SS4mzvLwQp-OP6eqxp46DjNc9a6M,3.35,3.35 TON Ref#GA2TENZSGQ======
2024-11-14 16:29:35,EQAZclneGfhu7M5bzCMitIIa2A3HII9I2PnOe0hUmeHH9DNU,2.88,2.88 TON Ref#GA2TENZSGY======
2024-11-14 16:29:36,EQD68tD3vawu1VRqf4jQPi1wCAwJ2B8bjOzcz_XuPhFKHO_M,2.63,2.63 TON Ref#GA2TENZTGI======
2024-11-14 16:29:40,EQBGiVQ-FG5njdjOLlssDjpL_EZuXvT5Rwd_zPy3bUd-Lx_7,5.0,5 TON Ref#GA2TENZTG4======
2024-11-14 16:29:43,EQCjIcPxa0KQCErRd0MKkFP_7Y0iSjObcolD5hCCZe8WD6rE,4.79,4.79 TON Ref#GA2TENZUGM======
2024-11-14 16:29:43,EQCkDCkoGqzTIXpf80DZ883FmvJsKVsEacG88RnJbRdtACH2,3.0,3 TON Ref#GA2TENZTGU======
2024-11-14 16:29:49,EQAuJ51zwuhBvR5HmUMrLCooMsPVI7BWSKpQcrKbEs6oHlZU,1.85,1.85 TON Ref#GA2TENZUGU======
2024-11-14 16:29:52,EQAcHR_gnLWyGT2w3JIJGJT2kZoP3u-SiRqEr1lmxVu64iNy,3.21,3.21 TON Ref#GA2TENZVGE======
2024-11-14 16:29:53,EQC2gvjKsjgrEIVW6hXkYif0xamppoPX-bLUQyoo4wrDWdkw,2.78,2.78 TON Ref#GA2TENZUGY======
2024-11-14 16:29:53,EQCySZZg0N_ORSWH9LRQKiTXMZ0wfzvGTOp6mXx_2o3JtgnH,3.24,3.24 TON Ref#GA2TENZUGA======
2024-11-14 16:29:56,EQBrcqhomdH8GtRx3HSIy6EKiGR-eobGRxDeVxZGlRTMRJ5F,1.32,1.32 TON Ref#GA2TENZVGU======
2024-11-14 16:29:58,EQAUTlRzhbjLzaSjOspNZ1dvOGLbEIZj4kxpOzphelg2F-db,3.06,3.06 TON Ref#GA2TENZUGI======
2024-11-14 16:30:04,EQDt_ybfQ_9q1R_nILC3KWn5NrfAsfXldmIFho74cnUVna1P,3.9,3.9 TON Ref#GA2TENZVHE======
2024-11-14 16:30:06,EQBah4TOeYvTLBRcPq8EvrGP51iFANu1U5XI6uEUvkmzvbLr,2.8,2.8 TON Ref#GA2TENZWGU======
2024-11-14 16:30:06,EQAw4OzXzsz-SGOUMWsgBX65XRMkRG9T1EE33Hopx4lfGwjr,2.0,2 TON Ref#GA2TENZVG4======
2024-11-14 16:30:13,EQAbcTNDRJDl6CjVuJBJwKFRRzzbnGGy7FaBA3WtZNAEKsUA,5.0,5 TON Ref#GA2TENZXGY======
2024-11-14 16:30:18,EQAXpG1fLVRj2pRNiVv00HRRc5_Nw3IxjGu4UXBu4AxVD4b5,3.75,3.75 TON Ref#GA2TENZYGI======
2024-11-14 16:30:21,EQA7o2ZaHpk6W1YjWiWPFcuBocPSP7jujfHVCZB9wGLpnbeR,2.8,2.8 TON Ref#GA2TENZXG4======
2024-11-14 16:30:21,EQBPqxLdG_8yNL50NNcyXkvMmvRqUSNLUZD8HsUT5jKd_pu8,5.0,5 TON Ref#GA2TENZYG4======
2024-11-14 16:30:25,EQDk16by4lHXRPJxCELq6YTzV8Nf1z-7s3_BWi1AAwZKzto5,1.75,1.75 TON Ref#GA2TENZWGQ======
2024-11-14 16:30:29,EQD8XUWj2K1yI4K8eRFh_Cnv9uq0haTGjnzcAUt8Y4T07N41,5.0,5 TON Ref#GA2TENZZGA======
2024-11-14 16:30:30,EQCily6BN-MhQWMIhX1TiL46Jpqs-MaFqgvdZQ0xOf6VLQu3,1.79,1.79 TON Ref#GA2TENZYHE======
2024-11-14 16:30:34,EQA8uFCL2uuaBXULQfn4y6iO3xkUzcRhpo3gN2zKELGFiQW3,5.0,5 TON Ref#GA2TENZYHA======
2024-11-14 16:30:35,EQCSE6GGyXThwcLC1RoMaNT3Kvfwhz6eGEBsMLJ-RlarNx2r,4.74,4.74 TON Ref#GA2TEOBQGA======
2024-11-14 16:30:37,EQDsLPUXE0ouJcJ3RpcmvCdoLqD-8tEINmXFWQMxeG0fZ3Cr,1.65,1.65 TON Ref#GA2TENZZGY======
2024-11-14 16:30:39,EQAyePXvv_5F0opZCB65U6lunusMbKsqtcqA9y8dbzPxoTO7,1.16,1.16 TON Ref#GA2TEOBQGE======
2024-11-14 16:30:40,EQDeiwUS3ic5XOyE8NJ_McJh8AHHSlkuo8aCkiL4xr59uzgN,1.89,1.89 TON Ref#GA2TEOBQGM======
2024-11-14 16:30:47,EQA_efXhn3ki3lMVkplmCgfESMa9koKdSeHjA6Gmufq9N5Lz,5.0,5 TON Ref#GA2TEOBRGI======
2024-11-14 16:30:47,EQAwWfc2j-lxPWZ-_IwrCFeuBcjXW-mrdh1k77J_cdjIn65C,3.0,3 TON Ref#GA2TEOBQHA======
2024-11-14 16:30:52,EQDrZin0O1OogxfXm5t-w93vhgG5oK9XLC1i6VbV1UZMO9qn,3.53,3.53 TON Ref#GA2TEOBQG4======
2024-11-14 16:30:53,EQCtJUVKf3PGp7uc-ag2CFvCCoBPIo9ltXO_XcV8lmmsyPxH,2.98,2.98 TON Ref#GA2TEOBRGU======
2024-11-14 16:31:09,EQCFWsoObBgqYZijb0GwQLfsGY7X1gtpVu3MDyAB0HBh6qe4,5.0,5 TON Ref#GA2TEOBSGM======
2024-11-14 16:31:12,EQCQKISxvCw9RYophTYqJnmZozV38m6T2cmmjLLNuKb9jano,3.26,3.26 TON Ref#GA2TEOBSHE======
2024-11-14 16:31:18,EQD-_PQLubU7AqUS9uk8tSEGdJhSNnXpcX6HVSFIFd7maku6,4.81,4.81 TON Ref#GA2TEOBSGQ======
2024-11-14 16:31:20,EQAvHBu96OaMMzSr1PEpPeE5mxG1aU1OXBS1WfVSansAdL5Y,1.66,1.66 TON Ref#GA2TEOBSGY======
2024-11-14 16:31:21,EQDh3J31NkdIeUbjKffTac6UeXqPVg4QDwIiyx521kANmp9Y,3.24,3.24 TON Ref#GA2TEOBSHA======
2024-11-14 16:31:26,EQDSOj1digllna1JAXTh1yhpBsYZ0m1N6sKmQtT0jbHToYKH,5.0,5 TON Ref#GA2TEOBUGA======
2024-11-14 16:31:28,EQAQYKh0UaivqNtpMnDbbsk9v45_osRcfKzPfzahKC_zhP7k,4.73,4.73 TON Ref#GA2TEOBTGA======
2024-11-14 16:31:29,EQDL0VRqa-eTpASVZDhoPXuw3TH5NWNUcSzIyXXDkEgXkLPu,5.0,5 TON Ref#GA2TEOBUGU======
2024-11-14 16:31:29,EQB7WLGzMtYg1ASQnVdo5lOIT4gWmcco9Dirss60t_ZMI1Rq,4.32,4.32 TON Ref#GA2TEOBUGQ======
2024-11-14 16:31:36,EQAK-KBxyyFI4-J2lHlt12bCUeKsfDR4y4pZu_mDGvfwH8J-,3.24,3.24 TON Ref#GA2TEOBVGU======
2024-11-14 16:31:45,EQDklpBT9xn9tzV7Ivl8RfFJ-GTllO3KPSbXJXHap8EmoitX,5.0,5 TON Ref#GA2TEOBWGA======
2024-11-14 16:31:49,EQCK6hHYaH57eEqqjCCOyuJbkCs9YCWxE_jmkDcD8Nl9Jwk2,2.8,2.8 TON Ref#GA2TEOBVHA======
2024-11-14 16:31:50,EQAt-a6FdveM2spLWDz5q-ospBL7iTEQjAdfmduakKmghsIV,2.66,2.66 TON Ref#GA2TEOBWGE======
2024-11-14 16:31:50,EQDqIr5jjJWAxBKAE8Evt18S2gF7d7P8hvdRtdVHlSws4_cU,2.29,2.29 TON Ref#GA2TEOBWGM======
2024-11-14 16:32:00,EQCoEChAlwHekK4IapgYcK7wOTdRK4gSwe6JB5TqpDlFQ4Ma,4.73,4.73 TON Ref#GA2TEOBXGA======
2024-11-14 16:32:02,EQBvk-q7urtzPSkSgyPnTrLzKyuC2Tq0lXmplHhaFcaTHWb3,2.48,2.48 TON Ref#GA2TEOBWG4======
2024-11-14 16:32:07,EQAV1WFGHMZ_vBfJT3fCIDRHK6tAMoNuwBs0Tkix9RzcnLiJ,2.6,2.6 TON Ref#GA2TEOBXGM======
2024-11-14 16:32:08,EQBfj9qJdy-tiiqU7Dd5BQjDF3lLhP60ssgu6ghTgmhoLmEK,2.66,2.66 TON Ref#GA2TEOBXGI======
2024-11-14 16:32:11,EQDrHoQIrHbcKSym83o-5nGJTMg4eLsQ0vjpWNAWcYb1qcBY,2.53,2.53 TON Ref#GA2TEOBXG4======
2024-11-14 16:32:14,EQAmGo8Fuvcid_AXa1y_EoZctltYYnReKusgRpmugZ2pSI3A,2.22,2.22 TON Ref#GA2TEOBYGU======
2024-11-14 16:32:19,EQCYzjk1ykUh68nE-SbfDTOfRuA5lk_mbsyPTMLm9kyvevH4,2.3,2.3 TON Ref#GA2TEOBXHE======
2024-11-14 16:32:19,EQCRACumbg1trW62lF3Yz5ZP9b4xsEj5od8sYlH60W2Znocm,2.8,2.8 TON Ref#GA2TEOBXGU======
2024-11-14 16:32:19,EQC27dLG9nxGhDt-6cErgQLy2Cf7TrcHOK1VSxUFesk4qWe4,2.6,2.6 TON Ref#GA2TEOBZGU======
2024-11-14 16:32:22,EQC-c3VTB2v7bSXzeEdLew5jc0-Un6EBuKzEDxTbIGvshfN0,3.52,3.52 TON Ref#GA2TEOBZGE======
2024-11-14 16:32:28,EQA1kxEVLOfFAm_Bcb0NerZoc6cldrCbapksvmws-2F6t3I0,2.99,2.99 TON Ref#GA2TEOBZG4======
2024-11-14 16:32:32,EQC9CQ_-7jRBszfFq-f_GqijdBXf9VYtBNTF9Wjrhvy4TRM9,2.55,2.55 TON Ref#GA2TEOBVHE======
2024-11-14 16:32:42,EQDOu1BVuRI8C7PWhWlfJmTvU449vnC6H1W-gp3MRJtI5XgG,5.0,5 TON Ref#GA2TEOJRGE======
2024-11-14 16:32:46,EQBacY6UssE3KSMZbVhg8WTr-446y5kAyY-FtmvkdlR7PaA3,5.0,5 TON Ref#GA2TEOJRGM======
2024-11-14 16:33:01,EQBmxXHGZwCQqTrYzHfYEXFcmdTnlkM656w1wnyni2ia0Qyc,4.26,4.26 TON Ref#GA2TEOJSGY======
2024-11-14 16:33:13,EQCEZB6SeHUL2a1NCJ2Dth-TI-jMYNHIMILItAU8AD0wusg-,2.22,2.22 TON Ref#GA2TEOJTGQ======
2024-11-14 16:33:14,EQDgRqh00qykt3aVDdD3Nndeka8aMJXe_omAfQBRQVHa5dTF,2.99,2.99 TON Ref#GA2TEOJTG4======
2024-11-14 16:33:28,EQBFv830jQNCZChun_cVNC41YKCAJfP3OkSQNh6YBwtKmDBD,3.01,3.01 TON Ref#GA2TEOJVGA======
2024-11-14 16:33:28,EQByMBmDU4yHA_lgSSwl5av0DNUclEF50rLUPcQuUY0qMe_3,1.77,1.77 TON Ref#GA2TEOJUGM======
2024-11-14 16:33:29,EQDkTzLxMpye_X3V6JLbbfoahMKlrQqIKyU1OcDP_LJ6JTkC,3.2,3.2 TON Ref#GA2TEOJVGI======
2024-11-14 16:33:34,EQAaZyGQQ6d-JvWjrGQTOllrn-OYgj5Oys0bCCJ_1TVqpU93,2.44,2.44 TON Ref#GA2TEOJVG4======
2024-11-14 16:33:38,EQDwZwMd0p2xalOAqTgx9aUSJtPp2IZvJoy3XHFQr0MZB5Kz,3.56,3.56 TON Ref#GA2TEOJWGI======
2024-11-14 16:33:38,EQDJPEEADczwNeBVjAplEwdw8zl56D6JHibNdvxB3eSJdJOw,4.88,4.88 TON Ref#GA2TEOJUGY======
2024-11-14 16:33:40,EQAlr0Xb-98sSx4BgeiDqqmLOs5fLFEd-mQtIXJiZ379EqcT,1.92,1.92 TON Ref#GA2TEOJWGQ======
2024-11-14 16:33:44,EQD7iJHIXnuOq1ssZpZ2hX2xV08ED5gnEXwbhKM-TVuqeczN,5.0,5 TON Ref#GA2TEOJWHE======
2024-11-14 16:33:50,EQCRClqOVfB6z9q5F_VbvSO7NW1zfPrMC_RT1ms8rEgNdQMI,3.14,3.14 TON Ref#GA2TEOJXGM======
2024-11-14 16:34:00,EQC-J-SENheLf2KgRwrUppEdwAvMaUrbnYNj7SHZAa1rvRdD,3.24,3.24 TON Ref#GA2TEOJXHA======
2024-11-14 16:34:03,EQCRxSB-7nsKnup32uV0u8NpIPCgP671UyzIvw2Qgt6A_Ryh,1.4,1.4 TON Ref#GA2TEOJYG4======
2024-11-14 16:34:06,EQAJbSYXS68UkhwKcV7X2WcG-_cu44yPp3v1dI6OzCTRCY-x,2.93,2.93 TON Ref#GA2TEOJZGA======
2024-11-14 16:34:06,EQCzgYOxopdl3FPizHuQ05B9IsZjLYZWcOGBu_vNiE09afiW,5.0,5 TON Ref#GA2TEOJYGM======
2024-11-14 16:34:12,EQAvXJfJyISkHjoR0119cDbjB_JHXvzLJLlVWvsIJ7Uhl2eV,2.66,2.66 TON Ref#GA2TEOJYGA======
2024-11-14 16:34:13,EQDbbXJSkTFiiTxNvDzsUp0BKphJw9iHBjcDu49ffk8lx-xI,4.75,4.75 TON Ref#GA2TEOJZGE======
2024-11-14 16:34:17,EQDnQtHq0m05ABMW1hWokXn0EhSwPy0UTHZNk4KP1LZF1HwV,5.0,5 TON Ref#GA2TEOJZGQ======
2024-11-14 16:34:26,EQCeyOkpTsfmV1kO2UfxjCnPuGdHHbkjkRIKVwjyzaoKmg_w,4.74,4.74 TON Ref#GA2TGMBQGE======
2024-11-14 16:34:33,EQBGJgQxAtiyi5YrZebc2LNMxq4VAD6JoJbx-G-mO9BmRFt4,2.38,2.38 TON Ref#GA2TGMBQGM======
2024-11-14 16:34:39,EQA1YUc6J2qIHESN4mxHRcoWR3pd383QrA43Jy8xNifiabwo,5.0,5 TON Ref#GA2TGMBQG4======
2024-11-14 16:34:46,EQAdLfFhK1cGc0vIaURQQFOXpeP9IIgTpNgGaMbUn0EMoM_T,5.0,5 TON Ref#GA2TGMBRGM======
2024-11-14 16:34:54,EQCs1K2pbqVzZR-I6cCctJo2zUX7aI-Lr593wd0RmUetLToo,3.04,3.04 TON Ref#GA2TGMBSGI======
2024-11-14 16:34:58,EQDS2uhLV_ATd4qQ0NtpQLMDKq6H8oS8XncLQBvU--unphm1,2.72,2.72 TON Ref#GA2TGMBSGQ======
2024-11-14 16:35:00,EQA4F1mWNhdES5MJTVA0zW4uf4-BQbbqUHtYwzHW0gJThzcC,2.85,2.85 TON Ref#GA2TGMBSGA======
2024-11-14 16:35:03,EQA1CRsNWz_YUxxGQG8Vwi70SrwXYd1DBUiuPbCVNAG5DKtr,5.0,5 TON Ref#GA2TGMBSGM======
2024-11-14 16:35:09,EQAwikNKJ2sAAt6I-djKgR7oEki8mxGcrMdY0OHssoYmlZtj,3.19,3.19 TON Ref#GA2TGMBTGA======
2024-11-14 16:35:11,EQCBlLBCIvtDlCyhg3ZcHmzLjezj6atHCtsiaHKa65IuOh2E,2.74,2.74 TON Ref#GA2TEOJYGI======
2024-11-14 16:35:15,EQASZRYcGqEVikyCWY6EzjNFYBustclpY6HJyEFko6L5kGLy,2.8,2.8 TON Ref#GA2TGMBUGE======
2024-11-14 16:35:15,EQBSQD75PCEE_zXI5qOoafTcrZw76W6nTVcJt-6FUQ_Px2wF,0.1,0.1 TON Ref#GA2TGMBUGA======
2024-11-14 16:35:17,EQCs4A4_UTX7mSDUjbxvo6qB3jZ5gPYmxncJdv9CHzcdj64M,3.24,3.24 TON Ref#GA2TGMBUGI======
2024-11-14 16:35:30,EQBXpFwBzbukN7CKcFmounUd_l_uOdStf9jH4RZTYiPvpdx1,1.1,1.1 TON Ref#GA2TGMBUG4======
2024-11-14 16:35:35,EQAKtm0fnOSxvE8NuZgJ2ZPhRLmxfplxSYdPcOGUYN0CT_9L,3.1,3.1 TON Ref#GA2TGMBVGE======
2024-11-14 16:35:36,EQB0Hp-j6r3929P5YBJYtGS-OUMxOtpJmTzJzd4Md5_QWhe2,2.68,2.68 TON Ref#GA2TGMBUGU======
2024-11-14 16:35:39,EQASgODOdl1_9q14O7KwryTW9hOdR2UiGko0uxlSUKH2B76e,3.12,3.12 TON Ref#GA2TGMBVGQ======
2024-11-14 16:35:45,EQDHNFnEOA5wRA7_uBnPJ05d9vXmeq7-Ro_Xpwv1CZ9YqcI3,2.41,2.41 TON Ref#GA2TGMBWGA======
2024-11-14 16:35:46,EQCHkxMelc8IvAGtEKwuj0J1rdk5N5Ang4NjZeRuinPvslhm,4.75,4.75 TON Ref#GA2TGMBVG4======
2024-11-14 16:35:49,EQC_Oxo8tVTWPhXEMUP7JPK9OgJh__uTeFUIRxeNSnc_SDsT,3.66,3.66 TON Ref#GA2TGMBWGU======
2024-11-14 16:36:18,EQDsEyCdoPrPwg-vVfUJmLnABU3l6s4ExZUVCUaHb6UFT9T2,5.0,5 TON Ref#GA2TGMBXGU======
2024-11-14 16:36:24,EQAvQcxSEaF6zCngUovud0W1BG6QPcL5ZiemnZ3hUg2fhJ7A,3.31,3.31 TON Ref#GA2TGMBWHE======
2024-11-14 16:36:26,EQBVG_514va73jJfSq4IVRFvj6IvyFXnQXvQuBfsr1MQeUiC,4.41,4.41 TON Ref#GA2TGMBYGA======
2024-11-14 16:36:26,EQBCEpnaRGwQ3MS-VpUFNIKEYB2DBUKcIHqS7fA7DiWbyC9R,4.09,4.09 TON Ref#GA2TGMBXG4======
2024-11-14 16:36:41,EQD76J-0tcftqT-rl6k-SC12gZgaHTBKpwvrUfx4IoEYzoy6,1.75,1.75 TON Ref#GA2TGMBYHA======
2024-11-14 16:36:47,EQCpBfIX50iS6noyfUG_XNu9ZKV-aBnZgsmWLLTOex1H8rXw,2.98,2.98 TON Ref#GA2TGMBZGE======
2024-11-14 16:36:56,EQB2HyYkmGoq73507Fl91oangIGvvFWkdQR2CJ8xUQFHpSLu,3.65,3.65 TON Ref#GA2TGMJQHA======
2024-11-14 16:36:56,EQAzw27dy0Po-6gEQ5W3UNdDEr7-eMkeh4BcwihJf29__H_-,1.69,1.69 TON Ref#GA2TGMJQGQ======
2024-11-14 16:37:08,EQD9SbEs0NYXO1oe3uvtUh1G9B3uGpT09UUvQ5qLpvtQICJz,5.0,5 TON Ref#GA2TGMJRGE======
2024-11-14 16:37:09,EQCdW9DuFwLk8FPXTQ0umSPdBq6SU2iJdwMw6VCmP_j3kn3i,2.52,2.52 TON Ref#GA2TGMJRGI======
2024-11-14 16:37:11,EQAF16EgIvD6Oc42uW5xv-sLgOTKhRFVqb1UMG_yj5aitcCH,3.2,3.2 TON Ref#GA2TGMJQGY======
2024-11-14 16:37:20,EQDCAScVEPD_JxxaypUjiKdLLJAs0qhrxWu08WAc674mcwAb,3.34,3.34 TON Ref#GA2TGMJSGE======
2024-11-14 16:37:23,EQDQH_8dtqVOz6igpPNsqx6Q-d-XKRhJ7yUHwMtv2lEnXgU3,2.21,2.21 TON Ref#GA2TGMJQGU======
2024-11-14 16:37:44,EQA9TmpzJxfUIPu0z0WmDUF8cKrk7mMxbC7V2h4PR5pPcz6a,3.01,3.01 TON Ref#GA2TGMJTGA======
2024-11-14 16:38:02,EQDsuptDkkk-yNJRLemi66od3a8nFaA-I2vnzLg_MgDxQFOm,1.79,1.79 TON Ref#GA2TGMJTGE======
2024-11-14 16:38:02,EQDwa3H9XuJ3DmwNJt3FoBFiwtjNijDs5egaikyFGCkxoPWT,3.66,3.66 TON Ref#GA2TGMJUGA======
2024-11-14 16:38:14,EQCZvFI3Ygm7aHWg0pJmKRZjJvrHZBGYvyFMMFSEOxTWmiB8,3.54,3.54 TON Ref#GA2TGMJUGY======
2024-11-14 16:38:16,EQBDv_gxEI0EquhXlUYtS4lqGGp3KpJYTaYbYPVY-fI7rZ7m,4.69,4.69 TON Ref#GA2TGMJUGQ======
2024-11-14 16:38:25,EQB6qT1uVaJbWvEs9tOjAiuh3Et5hkyuv9qzyo6AIIccHH95,4.44,4.44 TON Ref#GA2TGMJVGQ======
2024-11-14 16:38:26,EQAaAxYgeNqTE8uGl3ic8y0zjc1HMwCwhWnYHqG_x00YISlb,3.72,3.72 TON Ref#GA2TGMJVG4======
2024-11-14 16:38:38,EQDQifmUsXDzeVkUOduwvryRJQUDTQeKl-x6wo3Cyzy-JlXe,2.74,2.74 TON Ref#GA2TGMJWHA======
2024-11-14 16:38:42,EQBut0kYDOaPhwQ8CXvuMquJ5dnaTVGD7bNeba50ISv3gHp0,3.4,3.4 TON Ref#GA2TGMJWGA======
2024-11-14 16:38:43,EQDmKoqkpNBQ93gH5YAS9I5hq_-g0hvFagU7fORTD8b_Cphp,3.25,3.25 TON Ref#GA2TGMJWHE======
2024-11-14 16:38:47,EQALOTdSK8wGlc0_2Jbz4aO0NZrFXxMC2xERtBdPdAw9J7Q6,2.22,2.22 TON Ref#GA2TGMJWG4======
2024-11-14 16:38:51,EQABRgc7rv-oEKGh3PXw9ni48CrHuom2tFhtOX58THiYAmdH,2.37,2.37 TON Ref#GA2TGMJYGI======
2024-11-14 16:38:56,EQB5s0PXqmFvbA4_kEltRMiD98qiMmkIflX4RHqiFXJU-y4m,5.0,5 TON Ref#GA2TGMJYGQ======
2024-11-14 16:39:00,EQCPm7FJYl8ToCJZCCWeNpF1_mXR8Ou2quU5EDXVTW8yeu-j,2.21,2.21 TON Ref#GA2TGMJYGY======
2024-11-14 16:39:09,EQB0UB8ghegF0c8lyU6MOnDaXxhmD06CHHT1wvRqbRq53Iha,4.05,4.05 TON Ref#GA2TGMJYHE======
2024-11-14 16:39:17,EQByIKGCXaheoKUV__fxpz0xPBuRsaAf2K2ktzDlbm1E4FST,3.23,3.23 TON Ref#GA2TGMJZGM======
2024-11-14 16:39:25,EQBeNwecG-7-4zb8OkhkbduIwKSp_lqFSpPYTS4qwYw_R9pY,4.84,4.84 TON Ref#GA2TGMJZGI======
2024-11-14 16:39:34,EQBvJ9VUEEIh9JBKiAcJPRR81HkY7eN1IGEDtWcaDPgL5sLw,3.24,3.24 TON Ref#GA2TGMJZHA======
2024-11-14 16:39:40,EQD6BSQVNPS1gFeeydgW7oITF624qMt094I5LhGKRgTiH8ZX,5.0,5 TON Ref#GA2TGMRQHA======
2024-11-14 16:39:50,EQBVp1e9H386IqwlndbCuUEEakV4H8XMiGmL9uWjJUNdidxI,2.59,2.59 TON Ref#GA2TGMRRGA======
2024-11-14 16:39:53,EQBXkX7C8TjeLHdNFr6lq5WXP7B18LDpTLkok1eSQ26DNmui,2.52,2.52 TON Ref#GA2TGMRQG4======
2024-11-14 16:40:11,EQC1Pa6fXAH8rz189M8CWaQfmVwkEGnbxEQfpVaDxtL6AEHw,3.62,3.62 TON Ref#GA2TGMRRG4======
2024-11-14 16:40:12,EQAQqmn6vLNAHXwreurccKLYBKwpjYpXKEfbK-POUVtKdMu7,3.25,3.25 TON Ref#GA2TGMRSGE======
2024-11-14 16:40:12,EQAl27oBR1GDG0NJdIirNlsyGP_1oanaHNij8kVH7ROyNKQ5,1.78,1.78 TON Ref#GA2TGMRSGQ======
2024-11-14 16:40:17,EQCpJ-N7qQRy3GHnCl9ddYItEK9qu0I6RaZKGNktDs5XE8EN,2.1,2.1 TON Ref#GA2TGMRSGI======
2024-11-14 16:40:38,EQDN1jTV18wBwNEk80B6KKh_B8UQGCTfcu74XbcxCAoLMD_9,4.84,4.84 TON Ref#GA2TGMRUGA======
2024-11-14 16:40:38,EQDXymQxSWkvt88YC0hyJESW0LbuDrvHLfMe2mZ_CReJWRpS,2.34,2.34 TON Ref#GA2TGMRUGI======
2024-11-14 16:40:44,EQDFSBuc5RKWHUCbFcpFlBuoF-jSAR-EE4NzVQdhU-y4kjx9,3.7,3.7 TON Ref#GA2TGMRUHE======
2024-11-14 16:40:55,EQDc6kuybNPE1xxtP27ag9u3cyV9HS8eSKzXd_yLuf0BIWmo,5.0,5 TON Ref#GA2TGMRUGU======
2024-11-14 16:40:59,EQAOcGzUcKfEYuNrPvfZLFB8ZMkCNJYrG3kOVugn_B2jVA_j,3.24,3.24 TON Ref#GA2TGMRWGA======
2024-11-14 16:41:16,EQBNYy1lVCYOvmXAXoGzar1das1hT0ovKvRV6GLjyv0d67hq,2.62,2.62 TON Ref#GA2TGMRWGE======
2024-11-14 16:41:22,EQDxe5slN_qsELmNd8Dyqf2jov9RgN3TT5KFchrD84dFYlyT,3.05,3.05 TON Ref#GA2TGMRWGQ======
2024-11-14 16:41:33,EQADTuXOKrC_45uQJkT0DIxM6A_MFyMHP0w6GMqH8nM0KNiX,2.76,2.76 TON Ref#GA2TGMRXHE======
2024-11-14 16:41:49,EQCU57RdlnM8_GSvOf-eFldT_edFYzLphWrpFiZDd7shGOzZ,1.95,1.95 TON Ref#GA2TGMRYGU======
2024-11-14 16:41:55,EQCYTJ8ipWG09gVKINVj6CvQb_cJDKadYEWes9oXYGoWEgaT,2.85,2.85 TON Ref#GA2TGMRZGU======
2024-11-14 16:41:55,EQAm02fQTttAaWGlqLJMrAb4WJqObirDWq1a_XbUEs-2ecge,2.21,2.21 TON Ref#GA2TGMRZGM======
2024-11-14 16:41:55,EQAMKVzN9oSe7QqIXt9oKDqTEDrBZuX32ofZc_1Hz3vQCZ2W,1.77,1.77 TON Ref#GA2TGMRYHE======
2024-11-14 16:41:58,EQAI7kACPsGHmkHRilkoEqReWy-f7whmh3N6FZJgDdR0rGa8,5.0,5 TON Ref#GA2TGMRZGI======
2024-11-14 16:42:04,EQBYMr6a_vNAZ3vhkJEQL5eLf7SM5hcxtrkCbYOyzFR2t_5Y,3.2,3.2 TON Ref#GA2TGMRZGY======
2024-11-14 16:42:05,EQAmG7Fuz6R_9zBc6U-ovZqlPtdRYep9PUBbjeKTOVsJTGLG,2.77,2.77 TON Ref#GA2TGMRZHA======
2024-11-14 16:42:14,EQD23a0l4mcoAf0evDEeGrjdpFDaVvTS02GdU7tK71NoGOs9,2.48,2.48 TON Ref#GA2TGMZQGU======
2024-11-14 16:42:23,EQA_7ijWP6WU8piT31GlN5e7emw3fUAHAC_F1DlLZMsRqthS,2.8,2.8 TON Ref#GA2TGMRWHA======
2024-11-14 16:42:24,EQDBl9BWH2TvD7mIOdMVsQrL4iWjPI5BzA6eMZQiFark7Jqe,2.98,2.98 TON Ref#GA2TGMZQGA======
2024-11-14 16:42:31,EQA-p2hKOvqdQGYZtDVtlHHfRwwkysskKVqknEGBjfwZGxbB,5.0,5 TON Ref#GA2TGMZRGI======
2024-11-14 16:42:34,EQAqR5ETIsp1KFlKWH3El0A-DlPUGj9YFuaP1cZgFRkgF4ft,4.39,4.39 TON Ref#GA2TGMZRGU======
2024-11-14 16:42:44,EQCY9p0hQ6X_CZ-cVSE4KyBakORAou24Pq7uYUbGlpeFAUJ0,3.0,3 TON Ref#GA2TGMZRGQ======
2024-11-14 16:42:50,EQAprsVhNF4mWRu4WQSL-GDg7FyR2UZWYOGrgyzSq28zKd-i,2.69,2.69 TON Ref#GA2TGMZSGM======
2024-11-14 16:42:58,EQAQJQ9a7DklhxGQ_ZikMmZgQcpW1QmyiQ77ebi6AaVSncOY,3.54,3.54 TON Ref#GA2TGMZSGY======
2024-11-14 16:43:02,EQCzF2ccqy1VxPOpIB-R-TLm2YMEL1nDJdugQl1Etb2A2HLo,5.0,5 TON Ref#GA2TGMZTGA======
2024-11-14 16:43:23,EQDEmzc_XjuIgOKkaAEBGPOmxTj1JE-a2_JAkJyMcGZKvJ0p,5.0,5 TON Ref#GA2TGMZUGM======
2024-11-14 16:43:26,EQB3VkgGXomVuv4vmbUKJjGAAKwx5DPYvjcDFaEIk9zVDiqv,4.86,4.86 TON Ref#GA2TGMZTGY======
2024-11-14 16:43:28,EQCCQIkRnad7ZNv8XH3ui0ItNTqEuzXwmitq4fsbw6n0ei_9,2.16,2.16 TON Ref#GA2TGMZUGQ======
2024-11-14 16:43:45,EQAS_KIQ3ehF9bAswWKdVMdQDjtLh_FpfxQ-J2w6vVckHq_e,3.51,3.51 TON Ref#GA2TGMZTGI======
2024-11-14 16:43:48,EQAzQQv7_BMDGTf5aKmmxt0OZ2bt1B8rO9bRgl5hVYJ-vVfP,3.24,3.24 TON Ref#GA2TGMZUGU======
2024-11-14 16:44:18,EQAAKwy-tBQfIleRTPL7t7V_3UJE1Zhhcz_J5pqB2SVOwapB,5.0,5 TON Ref#GA2TGMZWHE======
2024-11-14 16:44:30,EQDeSv2ZEEBwlhSjs5Ywd8U7CZOMNOgBgQXsx8XOL4LhGRbS,2.67,2.67 TON Ref#GA2TGMZXHE======
2024-11-14 16:44:32,EQA94Hzmv8ITtuog0xT9hriWZDNTP9bemF9WdzdlUYHTXaSR,1.72,1.72 TON Ref#GA2TGMZYGA======
2024-11-14 16:44:32,EQA70oFcFS5r09ge199Br_mhJXTi3us3PmKwq2npAC8lUkJV,1.99,1.99 TON Ref#GA2TGMZYGU======
2024-11-14 16:44:33,EQCo6VzYf7_zClDuKf7C6Oh6VszZj7y-oid1BuJcTqTXog7d,3.25,3.25 TON Ref#GA2TGMZYGQ======
2024-11-14 16:44:36,EQC_p9NCBpd51Pnc670f7FYgISLRnpUYtmPDccsVQeDwwI2g,3.25,3.25 TON Ref#GA2TGMZXHA======
2024-11-14 16:44:54,EQCS8_XLpq_yvxMIoLV2rGj6sd7O15hitG-Z15puV23Uj8mT,5.0,5 TON Ref#GA2TGMZZGM======
2024-11-14 16:45:08,EQDA8IovGJUrT53AIyBsI26gA-ksUrtVvB1MYOcS0aE5S-aK,5.0,5 TON Ref#GA2TGMZZG4======
2024-11-14 16:45:25,EQDHYxiPAlA9ASaqtTnlYMUnCahti5v9LBZ5lZ5U8aBddyub,3.62,3.62 TON Ref#GA2TGNBQGI======
2024-11-14 16:45:34,EQA-LWiDrGyE99SHYSDIYfdeeF79n7Ivr-RIhQWz0Nswk7HX,1.79,1.79 TON Ref#GA2TGNBRGU======
2024-11-14 16:45:58,EQA6Aw87ONaX4V-_5GiJRfs8eGfUrNLFJ54AOwxbqryB04Ud,3.24,3.24 TON Ref#GA2TGNBSGM======
2024-11-14 16:45:58,EQDRnXWj-wbWW15rJYF15jW-VEN8ZULk5rmxcwMTGYJ3goZ_,1.54,1.54 TON Ref#GA2TGNBSGY======
2024-11-14 16:46:04,EQBb32WmNNgirWzJg8qOTwfevhodl97wt5ad3U3yDHAJET40,4.71,4.71 TON Ref#GA2TGNBTGE======
2024-11-14 16:46:14,EQAIICjMC2OyZKKk9toUYcSaY9jNTMnAPZsRwsGZumzXbjcM,3.47,3.47 TON Ref#GA2TGNBTGQ======
2024-11-14 16:46:30,EQAHsVt1vXibldjRjloc-_9Pb2-ZBXz2LQVq5nsozRpbKSTs,3.24,3.24 TON Ref#GA2TGNBUGU======
2024-11-14 16:46:37,EQAQI5OvvlIKTkHZRoiPK6FnycXvstQx3b5BSG-hyuY2748t,1.86,1.86 TON Ref#GA2TGNBUHE======
2024-11-14 16:46:47,EQDTFMlLu9It0W0Y3HnxJMh1ziHUuftCQP0rq3u9-SMWCBEb,5.0,5 TON Ref#GA2TGNBVGQ======
2024-11-14 16:47:01,EQCApAWyey93oIVn6zlJVZ40xdEUlIm5AdYKyX5E131eIyWq,2.98,2.98 TON Ref#GA2TGNBWGE======
2024-11-14 16:47:05,EQB4ooYlLJl7xkwJvhZF_TNNBPWsBAPOrizpJ7ZfhMweCQzB,2.53,2.53 TON Ref#GA2TGNBVHA======
2024-11-14 16:47:08,EQAt9m1YQH73qNL6Q9RgsBfVzxblimGTy0jMW51hl6VVUKZU,2.62,2.62 TON Ref#GA2TGNBWGI======
2024-11-14 16:47:19,EQCTdg6UAz-fDoPQbmg2Mki5UPgXoTl1IJK9FYh8hmfkmK1e,2.25,2.25 TON Ref#GA2TGNBWHE======
2024-11-14 16:47:24,EQBKmnBKS5rkhRMaUIE6Js_EcrrLXehY-Ud5CAfdYnIR7V0-,3.0,3 TON Ref#GA2TGNBQHA======
2024-11-14 16:47:28,EQAKDXYIute7p6-YNDFgJkUaiOKxeO_0U7oMVXMrkxEwm5Wl,3.58,3.58 TON Ref#GA2TGNBXGI======
2024-11-14 16:47:56,EQBgEsp3gz3RqxfuaNGtSBmlznflTfGQk-oM_WjK8-_ni5fd,3.86,3.86 TON Ref#GA2TGNBYHA======
2024-11-14 16:48:03,EQDVbDk4SCvY_MB9LIqbuXinD6aKeXqJ02CCANC2FxER4niv,5.0,5 TON Ref#GA2TGNBZGA======
2024-11-14 16:48:27,EQDqcebAVBtuB30J2wUYSBLzkEjUgNnI4YOqhlwUGCb224bR,3.9,3.9 TON Ref#GA2TGNBZG4======
2024-11-14 16:48:33,EQDnZFOzx_FIRCki0oIeL6tJ6EOtm6yvGr181odUYfus9Y8Y,4.0,4 TON Ref#GA2TGNBZHE======
2024-11-14 16:48:36,EQC-nGdyPE6vq5iR6m7w92pqriik4SaSOcawiWki9Kt1mLdA,1.79,1.79 TON Ref#GA2TGNJQGA======
2024-11-14 16:48:42,EQAjyPbGu6mg1Mu969rALzd99i3gVkmvrUGWT6FuFHyHLmhm,1.79,1.79 TON Ref#GA2TGNJQGM======
2024-11-14 16:48:44,EQCxVC8YP4umftiZvBbPxitNHD0MpJ3LAQ3Rjkr_PhqTAl3K,1.82,1.82 TON Ref#GA2TGNJQGU======
2024-11-14 16:48:55,EQCo76AE23WKtJNs7W3c4RnIxzXa0jBPI1rF4VcFeUbB9xRC,2.53,2.53 TON Ref#GA2TGNJQG4======
2024-11-14 16:49:04,EQBRlk_8B6z6vX64ZqFvpmL8YsmLOQIYkmrhcnV3XOpxOtCX,4.79,4.79 TON Ref#GA2TGNJRGE======
2024-11-14 16:49:05,EQCzWquVUlyZmKMRizWcH6PIWjBT7wt11cN39oMnpQdrlDsZ,3.35,3.35 TON Ref#GA2TGNJRGM======
2024-11-14 16:49:11,EQBfAKpLzTDsiEh1xQPAmWvrojFCTdSLCTXDgTg_s84BpLcC,5.0,5 TON Ref#GA2TGNJRG4======
2024-11-14 16:49:11,EQBg-yIw7CXH6FxjE9hJnLSoK0lxsR8yJvhYA0fbFcN4AVlr,4.87,4.87 TON Ref#GA2TGNJSGA======
2024-11-14 16:49:14,EQB1bj6huZFoz5i_XBcMDxCj4cBTaXYAo-E1D89z9LJI41jq,1.72,1.72 TON Ref#GA2TGNJSGI======
2024-11-14 16:49:45,EQCtv-qptQ1MiS89RK8J9eA8n2KI4QP5Wo59RvQd1NV6nO_F,4.5,4.5 TON Ref#GA2TGNJUGE======
2024-11-14 16:49:52,EQBgGDX527aDAcLKAXgheCMLusgxB0FfXqF5craHZQfw-Z_r,3.06,3.06 TON Ref#GA2TGNJUGQ======
2024-11-14 16:50:42,EQCEEQiSDkjL3GHCfJHJ36qR7OGCUQVaS_iRJmZCB32yV_2o,4.9,4.9 TON Ref#GA2TGNJXGQ======
2024-11-14 16:50:42,EQAkmQgCprtMgiNlHlbjL8Wu9UijALtiYgjrRkD1DdtIvpwv,4.56,4.56 TON Ref#GA2TGNJWG4======
2024-11-14 16:50:50,EQCyerLNQUilyfW58PwdhFofRqPEq-oy2eZ4lTxpBPmvn0IP,4.8,4.8 TON Ref#GA2TGNJXGE======
2024-11-14 16:50:56,EQB9skS7rL1qpSzZ-5LOER6FStaUy19EzVutLkGJ28tpbZX1,5.0,5 TON Ref#GA2TGNJYGM======
2024-11-14 16:50:58,EQCEQBJi3K4yaZv2R28bcpIXlqPRdO272v1gC3h_9fgIGsMd,3.89,3.89 TON Ref#GA2TGNJSG4======
2024-11-14 16:51:20,EQD9DErHvNMrhaAIkg6GRLIf8GU9sxy3M1rgFZdHlPL1TPmq,2.7,2.7 TON Ref#GA2TGNJYHA======
2024-11-14 16:51:24,EQBHoG1dWVqY0gIcx09a94dtDCVmTKYo8SDGiiZSAiTggxZ9,2.67,2.67 TON Ref#GA2TGNJYG4======
2024-11-14 16:52:01,EQCilq-0WaeBjZezPXgM2gKtceH9OTUfeOVSk7svvGZi7N13,5.0,5 TON Ref#GA2TGNRQGI======
2024-11-14 16:52:04,EQBbMfMak4vhP3vWSwyi1HfGch1uVRl2lO9Wq2NoaKGMRBlO,2.98,2.98 TON Ref#GA2TGNJZG4======
2024-11-14 16:52:14,EQBU65jAG-gvUvXelgmmb1Zy-1wmra6HulfbvFR0QhqyUJey,4.85,4.85 TON Ref#GA2TGNRQHA======
2024-11-14 16:52:16,EQBNOhViPJxnpYUZkHByK-JwWD8wNZnrhxdP4cvdZdyCatTH,2.56,2.56 TON Ref#GA2TGNRRGU======
2024-11-14 16:52:26,EQBp-WoPWsY2EY9Kek4-lG5xNPikY8q8bXoqMOKhmLWuDO2k,3.27,3.27 TON Ref#GA2TGNRRGM======
2024-11-14 16:52:31,EQAuJXH4kUtC_2DXyNrajL1nvnGJmbgbsVMIKrGhkehEWPAw,1.99,1.99 TON Ref#GA2TGNRRHA======
2024-11-14 16:52:45,EQCLwBZM9tgQ043JaQLoztweVMollh0Hy-c1cLxCT1lfyHdr,5.0,5 TON Ref#GA2TGNRRGQ======
2024-11-14 16:52:52,EQCNvfbmUIUqfdSDmCHD9qUgukc9kY-jkvIT7DMp_5cg9Ucp,3.41,3.41 TON Ref#GA2TGNRSG4======
2024-11-14 16:53:01,EQDHuoPFet5zt7Y6KJb5fnsSsFB80uAR4_OFJSfjAwbnbIpj,4.7,4.7 TON Ref#GA2TGNRTHE======
2024-11-14 16:53:01,EQAsRazQUEtWREgqG5-6nSp0fKONQeAtW8XWjpTqnp4C6HzC,4.0,4 TON Ref#GA2TGNRUGI======
2024-11-14 16:53:25,EQCtm9f-YBpEWWikNX-rHGpSeEJgtWEpBMk0svgU8NU-Az0H,4.0,4 TON Ref#GA2TGNRUGY======
2024-11-14 16:53:28,EQDHIP25r5FUr0tN-61lGBGb-h0ipLz-vGNrvDEe9KkDAFBJ,3.63,3.63 TON Ref#GA2TGNRVGU======
2024-11-14 16:53:31,EQAzK5yaJZO3tQgqmpm_LR74ddPOo9NEkaleSWgU-xeW5dqk,4.0,4 TON Ref#GA2TGNRVGY======
2024-11-14 16:53:32,EQDTihRRj1LY8VTrTQ3ONeF6LD088PUSsvBUk6ddlL7zSN8y,4.0,4 TON Ref#GA2TGNRWGA======
2024-11-14 16:53:45,EQC2hcoe4LXUocDPPdzOeCPLeJ7FsXMby2M88LOYVxmF4BB0,3.0,3 TON Ref#GA2TGNRWGI======
2024-11-14 16:53:46,EQBsmsLH3-A2FThJGyxTRgzxrh02W_25UOv1gaVL5ENCqfQi,3.31,3.31 TON Ref#GA2TGNRWGU======
2024-11-14 16:53:52,EQAtTz6tS7kzjoNOxTZsrQnf8j5XyU2iY5EmC34di4v86Z0J,2.22,2.22 TON Ref#GA2TGNRWGY======
2024-11-14 16:53:54,EQDR_hbrfdE7lrvKECq-XgSKkLnpNW8-ocpAjlit79nNNYJl,5.0,5 TON Ref#GA2TGNRWGQ======
2024-11-14 16:54:20,EQD_F3qQ-LHPlnTrUAcYh5qg5QKzqkmCdvJ61VRK-NEWoB9-,3.1,3.1 TON Ref#GA2TGNRWHA======
2024-11-14 16:54:26,EQDumWMp1t3_lyn6goYSgypSdP2wVIVtNaAY_GUoI6BxaPlG,2.75,2.75 TON Ref#GA2TGNRWHE======
2024-11-14 16:54:26,EQDnOfL0EbPMMbhWMsrkTQOsUYH-rIaAMMKX_lTiN79WmmRm,5.0,5 TON Ref#GA2TGNRXGI======
2024-11-14 16:54:32,EQAh00S_J8h6GYCk0HPEQpEkFNzN0RMyeospUm9pGVkAa_kw,5.0,5 TON Ref#GA2TGNRYGI======
2024-11-14 16:54:49,EQDzVuVKXfGRfeMdCT7vXrXC20BgbabDhzA6R83_ynJn2xCv,3.61,3.61 TON Ref#GA2TGNRYG4======
2024-11-14 16:54:58,EQCpiCs9vwZ2rVz7t3fJZNLdHocQbAD82t9cZjb_8dntANmy,2.22,2.22 TON Ref#GA2TGNRZHE======
2024-11-14 16:55:00,EQBu1ucQ9Powulv53mFKWH67V9nOWcJ_9nTW_TamgjsPTFUX,2.97,2.97 TON Ref#GA2TGNRZGU======
2024-11-14 16:55:09,EQALBPSq6mGkOcFV1A3JmD69bj5cPFfY3ImAta0lbog206YZ,3.45,3.45 TON Ref#GA2TGNRZGE======
2024-11-14 16:55:24,EQCCMX2j9G9egCDEuc-JH7NxXof0X9vtS3hibMzBJyGHgqrP,3.24,3.24 TON Ref#GA2TGNZRGY======
2024-11-14 16:55:30,EQCE3z1np4t6hRzeFtacSmv1udvSI60Ew8DeAKXHf3Lv3BHf,2.27,2.27 TON Ref#GA2TGNZRHE======
2024-11-14 16:55:30,EQBdHvK_e-Y06nOs0kyasjCnmi3w3echflbNDLvmdHpN_VLw,2.68,2.68 TON Ref#GA2TGNZRGI======
2024-11-14 16:55:46,EQCn76-QeXX3ofs1IYILpc8dnk2t89LmZutHZ2SBLYgEa7hU,2.21,2.21 TON Ref#GA2TGNZTGQ======
2024-11-14 16:55:50,EQDiVqiXrq786f3M_Cy-a8H_PDFvjsjm3QKS9wnLF6R4dtTw,3.2,3.2 TON Ref#GA2TGNZSGU======
2024-11-14 16:56:18,EQD5LeX6NkUq1WpAigj5QS2GKijGhnDcRon_-XkBv7qDvu5P,2.9,2.9 TON Ref#GA2TGNZVGU======
2024-11-14 16:56:24,EQAQviXQCRdwJ9QqYTEJBNISmGKlLGNT9TAVBglF7ohBtgQL,2.79,2.79 TON Ref#GA2TGNZWGU======
2024-11-14 16:56:25,EQDNT4Su6RSSTDSqnGi4fPeDzvhZbOxKZQwoGgYe37PcTTD7,3.05,3.05 TON Ref#GA2TGNZWGY======
2024-11-14 16:56:27,EQAKMdf9bBwrmqJrUZ3N0Z8LZoXDjt0YNL64b3jdY233ds9s,2.85,2.85 TON Ref#GA2TGNZWHA======
2024-11-14 16:56:27,EQBMsam4Zf3sWs6L4wM1yPVqFmVqA6_xjyOVkh42_ajqoDN0,3.96,3.96 TON Ref#GA2TGNZWGE======
2024-11-14 16:56:33,EQBTHH3rk6td4lI3n7t-8qAFMAgVKWyTBIkBUGUs2sBdBEf6,3.18,3.18 TON Ref#GA2TGNZWGA======
2024-11-14 16:56:34,EQCHLEhZk00Kf7eNyxO_pqH5LVbDNiezVOi7JQrWR1SYvmvL,5.0,5 TON Ref#GA2TGNZXGU======
2024-11-14 16:56:42,EQCxNLZ8bN8OsIbUbYNhSFk0FisBdCmV8pgfixOWGvgnY_DG,2.77,2.77 TON Ref#GA2TGNZXGI======
2024-11-14 16:56:42,EQC2xpb11MOa-fmsnYxdeYd6UxYpmq0Mxcm6HO_0SmUugD9R,3.38,3.38 TON Ref#GA2TGNZYGA======
2024-11-14 16:56:47,EQACiYpBqPgqAC3VF6fw3TIZXI2-De5MBpcwPdV8DS4OHCTQ,5.0,5 TON Ref#GA2TGNZYG4======
2024-11-14 16:56:47,EQBG0Kz2rBRBW_YdYAykU9-a_JGdfrnENoS2SoyJvO2n5jCc,2.8,2.8 TON Ref#GA2TGNZYGM======
2024-11-14 16:56:50,EQDp33bY_pCDpMPr8Svra9YO9X7qJ2p6Hh2_4nibG256ihV0,3.45,3.45 TON Ref#GA2TGNZXGY======
2024-11-14 16:56:55,EQB53BbYUsVIvxPPMdzuf6h330qeVICcZlQtwUIjRYxJ-mN2,3.78,3.78 TON Ref#GA2TGNZZHA======
2024-11-14 16:56:59,EQD1-mAPCc3aS1Cu7xWFwSlR_WXd2aBJCfZfnSYm1T1epqtd,3.42,3.42 TON Ref#GA2TGNZXGE======
2024-11-14 16:57:00,EQA_Uh-5OIERJS6NhsBZvnOSSaBcadOikEmMgE6-RBx7xQtB,1.35,1.35 TON Ref#GA2TGOBQGE======
2024-11-14 16:57:00,EQCRaJ_2RYtjhTb7jobx_lO6GRPc5rm2TFYMIitHZPuD3lkv,3.99,3.99 TON Ref#GA2TGNZZGY======
2024-11-14 16:57:06,EQAs52Ymj-3ya3HH6IHmvmAOn9k3O_KOWS0WavD844wZBcqC,3.34,3.34 TON Ref#GA2TGOBRGY======
2024-11-14 16:57:11,EQAXUO_s01oyIEhfINMjNQYxP4c-AxnAVhJ6uit8HLzWzMO1,3.41,3.41 TON Ref#GA2TGOBRGA======
2024-11-14 16:57:21,EQAGEajcBD58FzE42BPGLgcC22oAYGMCQMBa9fPgTeULtWLB,4.36,4.36 TON Ref#GA2TGOBRGE======
2024-11-14 16:57:23,EQC8qsvLXoNcUdpZnxrjWfMXRmPxHamktVHhSMr5p-K4f8jO,3.53,3.53 TON Ref#GA2TGOBSGM======
2024-11-14 16:57:25,EQBCJ-sE7XskZuvlfsMZ7T_wRF7XAfQF-R2rtloMfjqI-D4d,3.43,3.43 TON Ref#GA2TGOBTGM======
2024-11-14 16:57:25,EQBf5QQcnJ-S-TPhcd0tiYywtkzQpd-Qdk5qwB0cxey28dsn,4.7,4.7 TON Ref#GA2TGOBTGQ======
2024-11-14 16:57:26,EQD9nqETxAzpFWVmDWC4uF-UwMtJcVnKPej04PhTGMwWiXr_,3.12,3.12 TON Ref#GA2TGOBTGE======
2024-11-14 16:57:37,EQDZSfEUTM2kHPKJj8YA_9Ztjao9XUNgQedwxMmstmPFadp6,2.77,2.77 TON Ref#GA2TGOBUGA======
2024-11-14 16:57:39,EQAKfT2o_QB6OPnUsyCzF2PIGwd_Dss2Touu0QXILEWzU2od,3.71,3.71 TON Ref#GA2TGOBUGM======
2024-11-14 16:57:39,EQAvf9pD4MNHSGYOAd45S8cbhbCi4bad3DSoSIWtRMpgTFby,3.0,3 TON Ref#GA2TGOBUGI======
2024-11-14 16:57:51,EQBH_Soju_mOHCmhjaVliZW9rAmDQyJHohFrv6mIER-KVukL,2.64,2.64 TON Ref#GA2TGOBWGE======
2024-11-14 16:57:51,EQBO1_I8e_9KsZX5U52B069ESz7om-cpbGPNl9Qd3nmB--2z,2.55,2.55 TON Ref#GA2TGOBVHA======
2024-11-14 16:57:57,EQBGy479kPfqLLR-TTqNpYl16ynGrz12lvFQx_nOw8Dmi4fL,0.69,0.69 TON Ref#GA2TGOBWGU======
2024-11-14 16:58:04,EQANQE3dNheWA-gksphy8B05-OiLdVqMnK8iT3DQcpyXZkp1,4.89,4.89 TON Ref#GA2TGOBXGQ======
2024-11-14 16:58:11,EQD20DrbcSLIrlHgpmo-zYsSnJT8glgpsBqaqBCQdLF-hhjZ,3.18,3.18 TON Ref#GA2TGOBWGI======
2024-11-14 16:58:17,EQAN_X8ffOLrk0wd5gqwsFUbSMaLP41TqvrNCFYhAYl3YVGS,4.7,4.7 TON Ref#GA2TGOBXHA======
2024-11-14 16:58:28,EQBG7DspdFA7NY5OMlmdFOqWM9U3ZkIMLA7IK9AS729sywk_,5.0,5 TON Ref#GA2TGOBYGY======
2024-11-14 16:58:28,EQCBEhdb4cppCPqfonWxOazQSSx_OynQTWxuMlzb_-ZOnaz-,5.0,5 TON Ref#GA2TGOBYGI======
2024-11-14 16:58:30,EQAfgMy6tqngLGnk5ogYEnT4RZuiufo_EXIUA2srpDcodidL,4.31,4.31 TON Ref#GA2TGOBZGA======
2024-11-14 16:58:34,EQBp5D7VSuxBx1p9JCQdjsH93e0ouEK1wxVnpOCTlrorUMZ5,1.8,1.8 TON Ref#GA2TGOJQGQ======
2024-11-14 16:58:34,EQBir-QoNRoO2gFrGl82iatgDS7-fpfJ_erJZO1K1UBFfbUD,2.22,2.22 TON Ref#GA2TGOBZGQ======
2024-11-14 16:58:35,EQA8xyjADLM3s5eMj1K2bF3rWDoENJXGugVx-jJOnB106Me7,4.21,4.21 TON Ref#GA2TGOBZGE======
2024-11-14 16:58:44,EQBDFPyBc3xIwT0fXHOKeW1ao363_QMD31_6MhF9vJjjCQXP,3.82,3.82 TON Ref#GA2TGOJQHE======
2024-11-14 16:58:47,EQBOfpf6hDh9LJrVGy7UcdSuwuVFg8ZL4D3zjMcAS6nQVHxL,2.48,2.48 TON Ref#GA2TGOJRGA======
2024-11-14 16:58:49,EQD_NY9VuSnGZ_Br6S5hLojLSRKg7f88NNNBEtIUm4Z-l6we,4.79,4.79 TON Ref#GA2TGOJRGI======
2024-11-14 16:58:50,EQCD86iwKXMGiaRMom4LGC5QV2ZoXVdCcb4udDUJtDQma-YI,2.63,2.63 TON Ref#GA2TGOJRHA======
2024-11-14 16:58:58,EQAQZtLXWtMr7evLQ8Tphbw7YbgUKaYzf2Y5mfm3r9tcCsfv,1.72,1.72 TON Ref#GA2TGOJSGY======
2024-11-14 16:59:07,EQCufJmBihHivFx3c4m9D0Nsl-kgffa5PIerMoYphLU-G1j1,3.43,3.43 TON Ref#GA2TGOJTGQ======
2024-11-14 16:59:11,EQCBA21hsNwoQSeSfsGYSdP24tL_ziFaG5GhSZvxOZVZWBY3,3.46,3.46 TON Ref#GA2TGOJUGQ======
2024-11-14 16:59:18,EQAalerRlJcU3MyLJ630VUmbqSUBUCIUitb2hy9TVke9PHc_,3.24,3.24 TON Ref#GA2TGOJVGM======
2024-11-14 16:59:18,EQAMR72Ks0QoT2uT-2i_-dLmFCaTM-CkFzCxuA8raBZRaKcA,5.0,5 TON Ref#GA2TGOJUG4======
2024-11-14 16:59:23,EQDRo8EHZr2y4aZruWTHvzcqtPpVmMMdDYjn3VMhnNIisXbS,3.23,3.23 TON Ref#GA2TGOJUGU======
2024-11-14 16:59:29,EQArkDWxbrQyyZ1OaTD6OBHzk-eq7hufprp_HW1KFlZfUGCK,3.3,3.3 TON Ref#GA2TGOJXGE======
2024-11-14 16:59:29,EQAQz1XpVl0imDK_isJFAas-Lch1wVV69uVNMwG2tUHqiqzF,4.0,4 TON Ref#GA2TGOJXGA======
2024-11-14 16:59:29,EQBMyPdAvZceH00lce8u-aIkrHAlvq0yNkp6at_uOEuvo5QR,5.0,5 TON Ref#GA2TGOJUGM======
2024-11-14 16:59:32,EQC_K7qsIi2y6zOnIWm-W9zRrH_PmeeRLDaS57-l-9u2o3tN,3.17,3.17 TON Ref#GA2TGOJXGI======
2024-11-14 16:59:38,EQDNb-q6-0zMsKkKX5nh258LyMh44DpNoSp7ni1aXO46-QeH,4.12,4.12 TON Ref#GA2TGOJWHE======
2024-11-14 16:59:38,EQBmmn5oF-_TwHiifi4yeyi_TZ0uwNBkPm2q51JVL2ooZAUK,2.6,2.6 TON Ref#GA2TGOJZHE======
2024-11-14 16:59:42,EQC9lFH-QFi5hpjFXgv3MLea0_A5fIiz9t7SvjOu5AALg2Vi,3.98,3.98 TON Ref#GA2TGOJZGA======
2024-11-14 16:59:42,EQDpL3Sue89Wja8nVwxH4Lqc8f4IOOYaxs2pigMtYTJtoJAW,2.5,2.5 TON Ref#GA2TGOJYGI======
2024-11-14 16:59:50,EQC_2-vL_qLcebypd6FRPSnxXV9CAF1GsIX_XCj4lrVkeJtr,2.45,2.45 TON Ref#GA2TGOJZHA======
2024-11-14 17:00:02,EQBfkac99hZoFr2VlnLlN63x-mQAto_xw1bkK3Y9XrqBP6KX,4.0,4 TON Ref#GA2TIMBTGU======
2024-11-14 17:00:07,EQC0knJL1zL0kAkHdoD6RduOB2Yh1tDlnzHu5WLAIeWoCKle,2.88,2.88 TON Ref#GA2TIMBVGA======
2024-11-14 17:00:08,EQBAwF7om71Wu2cNX8pMKuLu9ZugQTYCNe1-3O903A63NzgH,4.72,4.72 TON Ref#GA2TIMBVGQ======
2024-11-14 17:00:16,EQBmyC2IZ3xnG6vgQyBaEy-ayXKqNt9CHH4-U4Juu38Qp--B,4.8,4.8 TON Ref#GA2TIMBYHA======
2024-11-14 17:00:17,EQDy6Ku8oppC26GwaN879lvywxYUV3npvdlINq7y3439NNDz,3.1,3.1 TON Ref#GA2TIMBWHE======
2024-11-14 17:00:18,EQBEgi2XaA2EtkRs0yK1i2jHvDHVHBWhfP4j0x9U4Ljbvl05,2.8,2.8 TON Ref#GA2TIMBZGE======
2024-11-14 17:00:22,EQC2XhiDPBCzBn5s9VZ6Cj0UYdq8wsONupz7AueGlF-fIrSO,4.78,4.78 TON Ref#GA2TIMJQHA======
2024-11-14 17:00:23,EQAZaNaVckLMV8LrbEnIBAocZCcNwroCvhg6aBCengBu3YT0,2.87,2.87 TON Ref#GA2TIMBVGE======
2024-11-14 17:00:24,EQDu_kd5UPzKAxs8d4CEiHSgU9P0cCrq86O8pbj7Bq_kKwD2,3.38,3.38 TON Ref#GA2TIMJQGE======
2024-11-14 17:00:30,EQAEyLQSOzEvcrzlPu2Q40e7T2fEBHqxxCz7s96QrY6U4Ahm,3.5,3.5 TON Ref#GA2TIMJRHA======
2024-11-14 17:00:35,EQChslkctRs7fN7yRTV6zF5jg3YdujtiPGRYH1TnbzTfhREv,1.79,1.79 TON Ref#GA2TIMJSGM======
2024-11-14 17:00:38,EQDrFfC5hoMbRFAXjLq-7bN11Ma13rGDL6U8CkHGHn36RQn2,4.01,4.01 TON Ref#GA2TIMJSGU======
2024-11-14 17:00:38,EQCwmETFKDtiB8L15OYqtP9KUnB-fxL0Sjyz3JFFFNVi7Wmf,1.79,1.79 TON Ref#GA2TIMJUGI======
2024-11-14 17:00:45,EQBNocWK7Gkog1ye4Y3GJvw6CTBv4-YcqxNG9w5K3mGJw3JD,2.51,2.51 TON Ref#GA2TIMBTGM======
2024-11-14 17:00:51,EQBaYzWSul1_7Hvzyp7XGQ-O-PVGUR5RhSek1pvUAiH_J4-1,3.04,3.04 TON Ref#GA2TIMJUGU======
2024-11-14 17:00:55,EQDVHzf-wLhhEV7zUPmJE0xeDFPl_4xVj8WhtrJ3iwGY6akP,4.8,4.8 TON Ref#GA2TIMJXGQ======
2024-11-14 17:00:59,EQBE6ekaVThi_qJYKTmxS2V_BWh922XIs30bDaSKb6ifBe1w,3.25,3.25 TON Ref#GA2TIMJYGE======
2024-11-14 17:00:59,EQCojWaVI07J8bYWeBOkUW4OUVf3d37UNwueDDxyMWMPaBef,4.0,4 TON Ref#GA2TIMJXGA======
2024-11-14 17:01:01,EQA8CLWwQUn5AmSR6MKo5Cmn3E1pp_3BmO7L0Xy6c8TRK0PS,2.33,2.33 TON Ref#GA2TIMJYHA======
2024-11-14 17:01:07,EQB3xGAd3RlrJ6V6xKGLu_J0fxLA541IfGMkrRiFHQhgtGBm,2.69,2.69 TON Ref#GA2TIMJYGQ======
2024-11-14 17:01:07,EQBiWUdzj-6RAimD5b-vII8QdSme8JMf45VAGkHivd2k8hb_,1.95,1.95 TON Ref#GA2TIMRQGU======
2024-11-14 17:01:11,EQDSKS_VSBV229o2EsCw2IbYvITLLHP-_Zn10IVbN5Ikz6rg,3.5,3.5 TON Ref#GA2TIMJZHA======
2024-11-14 17:01:13,EQAYLn2NNzRM0ooWWWF4ITuBcldeGM6URWqREWWHVNVH5ah5,5.0,5 TON Ref#GA2TIMRTGA======
2024-11-14 17:01:14,EQBRdphCeEf2QRUcY7hP15Vx_xB7vouxcJWFBjltm5I8ebcj,2.97,2.97 TON Ref#GA2TIMJYGI======
2024-11-14 17:01:14,EQDg4LUNmynhc81WyxHGseavJEbmkYdJ16qcyZhlG9ZBlVyT,2.64,2.64 TON Ref#GA2TIMRRG4======
2024-11-14 17:01:17,EQAwBBx3ouA5fpuXBDGkUWm_hys1OZrs5tkjrlpzlXfrq9t9,5.0,5 TON Ref#GA2TIMRSGI======
2024-11-14 17:01:23,EQAQv-suS5TNYWIPyHNmblxvYNs-dp5dFx1HvJsEU5UPf51m,5.0,5 TON Ref#GA2TIMRSHE======
2024-11-14 17:01:23,EQAoc_XwA0rYzqOh7qCtQEzzOiiRoYxuubVfPx8DevPmgsbo,3.69,3.69 TON Ref#GA2TIMJYGA======
2024-11-14 17:01:27,EQBo2cql_Dpe8vYstDJKP8GhcntYeRNN9nVepGfStCRP82OD,1.2,1.2 TON Ref#GA2TIMRVGY======
2024-11-14 17:01:35,EQAjcbmz0Oy7CMXTA58FTt9r8ghZnQkONV117M-ME_PKYwFD,1.79,1.79 TON Ref#GA2TIMRVGM======
2024-11-14 17:01:44,EQB6qzDRk2aWnF6vXYuHQhtx3DKNHONj8Ya3zIlrR9GY92eU,2.66,2.66 TON Ref#GA2TIMRYGA======
2024-11-14 17:01:55,EQDHcpOsWfUQA1javxiSmfSL4d5dmJQAV5rJDq-a-wfKpyJw,2.84,2.84 TON Ref#GA2TIMZRGE======
2024-11-14 17:01:56,EQCIyo_skpoR9f_y5pGf21G5s1HlTrzAHEwqffuCotlioL1A,5.0,5 TON Ref#GA2TIMZSGY======
2024-11-14 17:01:57,EQBK5SguWAke5gaqTAbKtBvzaq1pxI-qKeXrwxDRhXea_dXr,2.93,2.93 TON Ref#GA2TIMZRGQ======
2024-11-14 17:02:02,EQAstq6CpnYQZ_SHm04NwGSUN6BGCmAZvDWCCNq-Nc4NtWTV,3.34,3.34 TON Ref#GA2TIMZTGI======
2024-11-14 17:02:02,EQCy_K4lt64_tjAV0Ni75zQiwcwFyMZ-x00x_5jwSwlsY56U,2.23,2.23 TON Ref#GA2TIMZTGU======
2024-11-14 17:02:05,EQCqevoOQzy5D0loiuO7bqKBsupBV00TaffCQUGobAxHVRzl,2.49,2.49 TON Ref#GA2TIMZUGY======
2024-11-14 17:02:05,EQB0IYZpFkXQCeR-zPSWPTQcGwVfsOwFFEDDQqfXGQt9A5dK,2.5,2.5 TON Ref#GA2TIMZTGM======
2024-11-14 17:02:05,EQB2UPW8ktsNnL3N1vcpcYvI9m0fcWeH0UZhwKJMoIMSsOZF,4.26,4.26 TON Ref#GA2TIMZUHE======
2024-11-14 17:02:10,EQC8HNA7F0e07ZTz5JWEo8d0aE1IqP6KLtFVfbm9n_ms41Ut,4.88,4.88 TON Ref#GA2TIMZUG4======
2024-11-14 17:02:13,EQA3Ookki5KsVFU41Zc1bgR8cDEAkg3PKEy_xb71fNDkltjn,2.89,2.89 TON Ref#GA2TIMZTG4======
2024-11-14 17:02:14,EQDyjjEcTe0f15GV7CWEku9tCeRH7gOe6sfPo_TTakGTx8lV,2.95,2.95 TON Ref#GA2TIMZSGU======
2024-11-14 17:02:16,EQBxKUxgM6wEnlZTHkDKTcGpSjNl1DovmZJUhLkzcHlPhrxW,2.96,2.96 TON Ref#GA2TIMZYGM======
2024-11-14 17:02:16,EQCefHvk4ErgGvFqFeE_0495FOO1hFPFIpeYC4O-ZKSXLi71,3.05,3.05 TON Ref#GA2TIMZYGA======
2024-11-14 17:02:22,EQCgJix_m8i5V2HSaV26DWFQYUSW9x0bxj8C7MEifk8RYmae,2.98,2.98 TON Ref#GA2TIMZZGU======
2024-11-14 17:02:39,EQAwMWov_4kNJ69NPTZvYxnXFMiBzfOAiYG7qyE7nq8DOo3I,0.68,0.68 TON Ref#GA2TINBSGQ======
2024-11-14 17:02:39,EQBpjkYmlvTarFfmOmuAZhijZ3Cpr9hsCvu20ua7slBtpFai,3.24,3.24 TON Ref#GA2TINBRGI======
2024-11-14 17:02:39,EQB3gsjRgk7z430OLxnCWcvTwp13gowSZfZ9oBT1d-EvPdte,0.77,0.77 TON Ref#GA2TIMZZHA======
2024-11-14 17:02:49,EQAoKYdDD8owkMnsCr-GrjuaCjFxy8mTI3kRhTljl7rUYviV,2.98,2.98 TON Ref#GA2TIMZWGI======
2024-11-14 17:02:57,EQBHYXbpaUK6JEbKrBEB4srJ1emHPe87efMUowDN-7UWgHaZ,1.27,1.27 TON Ref#GA2TINBVGY======
2024-11-14 17:03:14,EQDKRW3SbNJdRtseE_D_hOKY44mNW-qubVW2zaCikzlwAC36,5.0,5 TON Ref#GA2TINBYGM======
2024-11-14 17:03:16,EQAOyUP9_aB_XB05-gXT4v9fsHaJ4nkADi1fCWIHiKC2BBwA,4.7,4.7 TON Ref#GA2TINBZGA======
2024-11-14 17:03:19,EQAQVATx1xa5zbL1g5ILONcFcTEtuWWLFkWFlY033O0sUUbI,2.98,2.98 TON Ref#GA2TINBYGE======
2024-11-14 17:03:22,EQD6f96aVDSLCi7j2o-4shs8dkh_im2GtE2v4aNEsaKWH0ub,2.78,2.78 TON Ref#GA2TINJRGI======
2024-11-14 17:03:29,EQAcRyRTIDY-TIqSAZzDe3JG6NPOLttvBlOgDXExkfK7Ucix,3.23,3.23 TON Ref#GA2TINJTGE======
2024-11-14 17:03:29,EQA1-dZ_4GOH81h7uwwxhez4_CHqXSuLbwwRtfnBaX3IpxhZ,5.0,5 TON Ref#GA2TINJSGI======
2024-11-14 17:03:54,EQCB20BUzxjgm5I9u38bWdvPtfN-fWmwbvFczJAQPiD9uAfU,1.13,1.13 TON Ref#GA2TINJXGQ======
2024-11-14 17:04:03,EQC1IDgDHXBfP7niP0d6tHezOLHLb6biXlC7Q21wlwFlUEW-,3.64,3.64 TON Ref#GA2TINJYGQ======
2024-11-14 17:04:04,EQDK7ctQuyPF1kU2BHTkyBMCVQQg2jGpEMaag8oae02ZxrGX,3.59,3.59 TON Ref#GA2TINJZGI======
2024-11-14 17:04:15,EQBttXtPb_65RcFB0kvdIDk3gEY-TQgov_AW3CT6zdVwFHPR,3.5,3.5 TON Ref#GA2TINRTGA======
2024-11-14 17:04:31,EQDtMXr8Xzk6-wHVVQRIoNv-rrx1QuE1XmSnYCBHgTLm0p7v,3.07,3.07 TON Ref#GA2TINRWGM======
2024-11-14 17:04:47,EQD-Z7B6MYPD8ljXEdB90cjR-qGKs-Y4cR-I778n22HQ-7kS,4.01,4.01 TON Ref#GA2TINRYGY======
2024-11-14 17:05:03,EQAtmA0GnOCIIM-MG6l6rwt3v93-Sm4MEXfdp7wyIMn6UgO3,1.61,1.61 TON Ref#GA2TINZRHA======
2024-11-14 17:05:06,EQCqjcCXft2dLyHXLTi0eSS5tR46Ew03sAPRhtAPLY2jIYzw,2.8,2.8 TON Ref#GA2TINZTGA======
2024-11-14 17:05:12,EQD-Uc7gSmCIjMTqssFEV-Mp7nQpDyK9zRf5xGlA9dIDd3My,2.88,2.88 TON Ref#GA2TINZUGI======
2024-11-14 17:05:18,EQD0_aJgdilcMpoARFhNfCW-OWhW5FxUppa2Ar2gYfqG_qjg,4.29,4.29 TON Ref#GA2TINZTHA======
2024-11-14 17:05:20,EQAvG5BVltopZsaafithX3ISQcuZfTvJSywRY4jE7KDjeCaw,2.0,2 TON Ref#GA2TINZTHE======
2024-11-14 17:05:21,EQCGC9j4xS0tl-h0yrhPyNvoywwdllH0G-gBe97T6dyaiDgr,3.59,3.59 TON Ref#GA2TINZVHA======
2024-11-14 17:05:24,EQAR37_wHFG2cMuevinXQmaOeNfgI0Y7KlBP5pcsisUw0KXe,5.0,5 TON Ref#GA2TINZVG4======
2024-11-14 17:05:32,EQCITSAM9mwM72Ac5Wz_0CWtFbIFkCfnFrwS61HWsKOcvjOS,4.01,4.01 TON Ref#GA2TINZVHE======
2024-11-14 17:05:45,EQAwpVIqbntWQIMKmYoqOfHCZVaYfb23e4WeZ-hQWeHV_ARX,4.8,4.8 TON Ref#GA2TINZYGE======
2024-11-14 17:05:52,EQAINeV6wcqU8mVbf6RtTeHBIEmjDBKX_KfALHLSto6Z1tfX,2.78,2.78 TON Ref#GA2TINZXGE======
2024-11-14 17:05:56,EQBHL6-fuuTXhlb7JR1KZbdzT7e7WpjEyjMvE0fh0AWU5VMQ,0.1,0.1 TON Ref#GA2TINZZGU======
2024-11-14 17:06:10,EQAqKc-2_TZI0wFkurCTD4bb2N0OpzHsWtEjkqgzR-1tLQal,3.0,3 TON Ref#GA2TIOBTGE======
2024-11-14 17:06:24,EQC--mbY5hUK-gLeqs-871Kd-NJzta8fmlqZqe7coPHWU8CH,2.33,2.33 TON Ref#GA2TIOBWGE======
2024-11-14 17:06:24,EQCQk1pQ355vSzKStbr8MiM1sS7yNSlTCJYmvH07TgK4ieeV,4.0,4 TON Ref#GA2TIOBVGI======
2024-11-14 17:06:25,EQD4Ew90edMl1sH2YAcdVW-l8w-EYKm-2SnNxFEXkZuPDV2V,2.88,2.88 TON Ref#GA2TIOBWGA======
2024-11-14 17:06:26,EQBGq3vAnM6aFfCv4pG3F_vZ5daP9HXkrffLW2ND_A-bvp40,3.76,3.76 TON Ref#GA2TIOBXGI======
2024-11-14 17:06:28,EQDkQF8ThVCEds11gal2SGWzCeCfUq9ostI6W1M6JZMaSXYd,1.98,1.98 TON Ref#GA2TIOBXGQ======
2024-11-14 17:06:50,EQBbRewzF4K22ut3kBZy7TzhNx09dmLRZPZVtE1O7Oe8gNRC,3.21,3.21 TON Ref#GA2TIOJQHA======
2024-11-14 17:07:01,EQDaAq5UwwRW7N138UEjBFSKIktcfrnZfula5EJ2jQ68ftvB,2.0,2 TON Ref#GA2TIOBVG4======
2024-11-14 17:07:10,EQDAQMfWBGZpj6DannctL4-fktV8Fbw7-nkrDc0x0c_RuSf6,2.98,2.98 TON Ref#GA2TIOJVGA======
2024-11-14 17:07:17,EQBjjOV9N_Nt6bl87JOzfICzqCOJqjcNllFrxfWGr_yVZ-v9,1.7,1.7 TON Ref#GA2TIOJWGM======
2024-11-14 17:07:26,EQBuW49RQGEvr4rP_qPOzVGwZ7fnX1aoAOKL8ddLX_5DEYI2,5.0,5 TON Ref#GA2TIOBXHA======
2024-11-14 17:07:28,EQCA3soFGj6LVoOP2CqfFg8bnwCbDRdo6RLOQ2KUIteNNZ1W,2.56,2.56 TON Ref#GA2TIOJVHA======
2024-11-14 17:07:40,EQAGY-pb23vb09XkHjh7wR8NXfXvh8VORgZ3VceyH9rk7cJd,2.76,2.76 TON Ref#GA2TIOJZGQ======
2024-11-14 17:07:57,EQAfVsznDi0aclEC1fIRSZbHBU67Vdog8KwPckjhNOTiN1uQ,2.2,2.2 TON Ref#GA2TKMBRGM======
2024-11-14 17:07:57,EQAcBszhU1xoJom1m2cRixBhIztb8dXFX9CBJFhOnv9vm6vH,3.73,3.73 TON Ref#GA2TKMBSGM======
2024-11-14 17:07:57,EQAakNYDbtniv3_vNockTwZEqgBOn6_zOlIXotMcp478Ok9Q,5.0,5 TON Ref#GA2TKMBRHA======
2024-11-14 17:08:07,EQD2gYu5RTkUkr9ew4wyDFlah5YBOoUnA-9ud4DPsfZAd09E,3.76,3.76 TON Ref#GA2TKMBTGA======
2024-11-14 17:08:07,EQDlRS0LGvB42ltHrmR0bc5weX5WKSLHpagKT1CYzLYjHrv9,3.48,3.48 TON Ref#GA2TIOJZGU======
2024-11-14 17:08:10,EQBydz28R-q0qzF8f7T4StGzdVFwKZ1DUf4pmsK4OrJmk9u0,2.95,2.95 TON Ref#GA2TKMBUGE======
2024-11-14 17:08:11,EQA45ihex2TR6dmCiQDhAdiA4DaO1PqX32Kgsu9cIcQvS07N,4.86,4.86 TON Ref#GA2TKMBSGA======
2024-11-14 17:08:19,EQAQ6QU7o1fpw0QaeOLM2svFfUfUI5wwsaRhloise_DBBNhz,2.89,2.89 TON Ref#GA2TKMBVHA======
2024-11-14 17:08:26,EQDXU-aae2evmAgxytueGdz8qnuLllEqM6TlPR_hcYiESLSp,3.65,3.65 TON Ref#GA2TKMBXGA======
2024-11-14 17:08:46,EQCol0WKLX4ibTC-1lde_-9EqY0Z1vKVD3TZVwG6dUoquxQH,3.67,3.67 TON Ref#GA2TKMBYGM======
2024-11-14 17:08:51,EQBvLlcJSByqpFDUR49f3BOL3vCN4p9a9GG0O2LwOv4WRMsQ,4.71,4.71 TON Ref#GA2TKMJQGM======
2024-11-14 17:09:06,EQBGOwmFQY5Vp9XPrca2P6m1z7h2qiE3tQkvHjmpGhlvcUj8,5.0,5 TON Ref#GA2TKMJRGQ======
2024-11-14 17:09:17,EQCaAxlWjN_A5ZefPdvPo7BEngVil3XtuFy49sP0f518-RNT,2.8,2.8 TON Ref#GA2TKMJTGI======
2024-11-14 17:09:21,EQDkToX1DIek1mgkYO4_3jcn3dQ_bNmh42nWyk8oDQf0YRfF,3.29,3.29 TON Ref#GA2TKMJSGU======
2024-11-14 17:09:27,EQAI6Ba4evSURGz5PzTLDuDEzZ7f4tTJLr8wIMCRpaOyzJTg,4.12,4.12 TON Ref#GA2TKMJUGM======
2024-11-14 17:09:37,EQDc2Vk7IYoNW-zVTXI0a8-NVroFLMnBGCWfTGkZP09KeI9A,3.32,3.32 TON Ref#GA2TKMJWHE======
2024-11-14 17:09:38,EQCuelr8QgnBycieUeVU1mXrzmqLbVU4URX6lO2W8_OY4d83,2.74,2.74 TON Ref#GA2TKMJXG4======
2024-11-14 17:09:42,EQBdbvOE7Qck2d7RFnzslNGkWu6j-llucnOjw5RBgCSlXXLA,4.52,4.52 TON Ref#GA2TKMJWG4======
2024-11-14 17:10:02,EQCtlSyS87zMpyTZjxRWbPkUJiyZM2HEiPC8XbM834XFh5g3,1.58,1.58 TON Ref#GA2TKMRRHE======
2024-11-14 17:10:05,EQB5pFc1KWR5ABSdNs9kxToTiMKTzW_Lfu_5rG6BFoHHZR6p,2.96,2.96 TON Ref#GA2TKMRRHA======
2024-11-14 17:10:15,EQAm6T7wO3tCF-1d6fC-xHsvQJzuxCc-QLvN7Xv9oLDRv3tQ,3.32,3.32 TON Ref#GA2TKMRTGE======
2024-11-14 17:10:20,EQBiWJExiwKQryDVttzXyQIyo3ESF0_yY2QtpRwkWicl8OOt,1.91,1.91 TON Ref#GA2TKMRSGM======
2024-11-14 17:10:28,EQAlssie0gKz1EUVGzbALMIJlsRG7rIBbYd_BNyFacpKz48q,1.51,1.51 TON Ref#GA2TKMRTHE======
2024-11-14 17:10:35,EQDO3DoNlFVRYQYqOQbDnQJ2pbTe_xKSpqipoTMukd5_pSnu,5.0,5 TON Ref#GA2TKMRVGU======
2024-11-14 17:10:37,EQAFztx_NoStADT_e8eTiYAujSHTv1il0j0iduJpm5eR6Rwk,4.72,4.72 TON Ref#GA2TKMRWGQ======
2024-11-14 17:10:40,EQCMgiTf3aIxn3H_NqENesBZiptRJxykZPCiaBP-Qnz49MJK,2.69,2.69 TON Ref#GA2TKMRWHA======
2024-11-14 17:10:46,EQAWdS-58bJqaBDZm-4azXSNWmxPk52a5PPFvLbkZChlKp4e,3.17,3.17 TON Ref#GA2TKMRYGI======
2024-11-14 17:10:58,EQDZTgMMTY8l50xuUrKbw0sMOufOvZvU16tTT3wmzYV87mlq,3.93,3.93 TON Ref#GA2TKMRZGY======
2024-11-14 17:10:58,EQDAsOCeJjO5TI3YXjZwqE7ZlLC-Cm2t7O4VBwKkgeaqjwAT,3.97,3.97 TON Ref#GA2TKMRZGE======
2024-11-14 17:10:58,EQBSYoYQVoNnz-WKJGGCC-b5UVPnFj7ItDMXeOdFAPKGuYUo,2.98,2.98 TON Ref#GA2TKMRZGM======
2024-11-14 17:10:58,EQB8uXlY-cTII2ANwy5AlVm-R3Jjv_VRHoBLQlqFVEZmOYXh,1.78,1.78 TON Ref#GA2TKMRWGY======
2024-11-14 17:11:06,EQA2Vyyv7e2HSmjq9Mii1rSKagdTv6o5o7cYE_QqLEUaFGwJ,1.76,1.76 TON Ref#GA2TKMRXGM======
2024-11-14 17:11:14,EQAWNSDephj0xzk4fTsYBrvmMrEW4CDy9-0UwwRqZOjABVFx,1.41,1.41 TON Ref#GA2TKMZSGQ======
2024-11-14 17:11:15,EQBnxWI_rDZwVS3HC2acckQ50fi98lIOrohfKSb4A66tJ-BO,4.7,4.7 TON Ref#GA2TKMZSG4======
2024-11-14 17:11:23,EQArvm2skiP7UQaREu3sj1NMQP04pL0PbXruzUWgShuG_qjW,3.62,3.62 TON Ref#GA2TKMZTGM======
2024-11-14 17:11:28,EQAsWks_V9xlhiIJFCkRMJ6k5TRgUyozdxf6VmB5rQj0tzJo,2.65,2.65 TON Ref#GA2TKMZTHA======
2024-11-14 17:11:42,EQClqozlkhdBQTuY9Ij6OY3D-MNI9h_oHVsyu8zBsZHfTsJQ,5.0,5 TON Ref#GA2TKMZUHE======
2024-11-14 17:11:59,EQBTd2fsrRNYiYeM8iom-Y6EyeWHokX1h5FdRml4qx2HmFvq,5.0,5 TON Ref#GA2TKMZYGY======
2024-11-14 17:12:01,EQA-yplgULnKmNCOVvwSefj89_4O49cA5RNoGFJLiKxRce_D,3.95,3.95 TON Ref#GA2TKMZXGE======
2024-11-14 17:12:14,EQBcXwThzlLZj5dnErnNiM5KFWFUyndD8_akPUW2YS-nZGN1,3.52,3.52 TON Ref#GA2TKMZZGY======
2024-11-14 17:12:18,EQB4L6Yr6E4SweEaq-aiLm_9BFu7d9_s3CX2DHl_SjtuLv94,2.57,2.57 TON Ref#GA2TKMZXHA======
2024-11-14 17:12:18,EQBWtuIKkPyq7EouDi5jAJ0y1mebQ6VQU1306VxV3cNzxP3S,3.12,3.12 TON Ref#GA2TKNBQHE======
2024-11-14 17:12:27,EQC6d-LADz5ON2sLmyAAW-BMcV4TPEFwGhbykL_HmmJGZsAb,1.85,1.85 TON Ref#GA2TKNBSGM======
2024-11-14 17:12:27,EQCUhhz7n122vlrJz_n6JWjRCsT2a_fVcfy0lXy7vB1Do4K1,5.0,5 TON Ref#GA2TKNBSGI======
2024-11-14 17:12:47,EQAHRK1v2Fy_HEWElM4xVOohlunnrnwU5oPMxYOJ2a0uJ73E,4.0,4 TON Ref#GA2TKNBUGY======
2024-11-14 17:12:49,EQC97wNp79YW79a7p9pP6dwrD2Dc9HWTcFwTR_7ptaMBCJtH,2.65,2.65 TON Ref#GA2TKNBVHA======
2024-11-14 17:13:06,EQAJTsabSXc7slrI7Xo16Wg_wvRybRamXjKFsXq2-gZBFdDi,3.01,3.01 TON Ref#GA2TKNBXGY======
2024-11-14 17:13:12,EQAOm13KRRKUM_u77okc1bPTqcs-8nYR2DzqCuDsPrllLRN2,2.29,2.29 TON Ref#GA2TKNBYHA======
2024-11-14 17:13:40,EQAcExx4l6rzSKhTQh3UBW0GNJOKjhBVCleogaznCuqC1BWr,3.22,3.22 TON Ref#GA2TKNJSHA======
2024-11-14 17:13:45,EQApbEwSDXiH-vd-RNQ_Z6AR_ZxmynmxFfkzcJno7BoIvBwG,3.57,3.57 TON Ref#GA2TKNJSHE======
2024-11-14 17:13:51,EQC7DsBMfJg_MQkMvonNAJj4no5lb8IOrHbBjjr-WC9Xn2HO,1.9,1.9 TON Ref#GA2TKNJTHE======
2024-11-14 17:13:54,EQDlArtk2kGcKdTD2CZu73mwxjrm7SpqvhIHhJ7oEb-nK8k_,4.8,4.8 TON Ref#GA2TKNJUHE======
2024-11-14 17:14:00,EQCZGTt7oZd7V0naJHPTkzqMX-vt4YUMR_g6J6pYgbi4Qiwh,1.77,1.77 TON Ref#GA2TKNJUGM======
2024-11-14 17:14:21,EQC5y3dYCgUMo6uENepK54QmsgikowvgVkldMp4d9vo1cRiz,3.07,3.07 TON Ref#GA2TKNJWG4======
2024-11-14 17:14:32,EQBvjxCZVZZpXcXXxza7KzsgjTeqlxMZquDpVAiTfRuy3VOp,5.0,5 TON Ref#GA2TKNJZG4======
2024-11-14 17:15:08,EQAjvubz9V17nhRnwwm-sWJu3O5quhSYIJPUF5OIOVrKj6j-,2.91,2.91 TON Ref#GA2TKNRRGA======
2024-11-14 17:15:08,EQCUWQ9On5xAfNVa54iGGdHAP4DAAckHaTKt1D7TGEk9ENv1,3.98,3.98 TON Ref#GA2TKNRVGQ======
2024-11-14 17:15:08,EQBIC3PBkc8loP0v5aGSjSeI-f8NTB0gnfMks7wNbqV6o_gd,3.44,3.44 TON Ref#GA2TKNRVGI======
2024-11-14 17:15:28,EQDODJg955nKlQmnd8pzabFVCBum9jRxyWrCV_1zbbZyCL4i,3.24,3.24 TON Ref#GA2TKNRVHE======
2024-11-14 17:15:31,EQDEekQWSJnyglfOP6kYAgv_pLr5mwp0eDwhutHEcztqUXYl,0.86,0.86 TON Ref#GA2TKNRYGI======
2024-11-14 17:15:33,EQC33nmTLCfivRseuxBCEVhBlYwL8YUmuRAf1rzzo3IRYlGN,4.52,4.52 TON Ref#GA2TKNRXG4======
2024-11-14 17:15:43,EQChXVatGZzCm8xxul3UJKoh7fnGCm2Vye1vkux9Cu64Thnr,4.96,4.96 TON Ref#GA2TKNRZGQ======
2024-11-14 17:15:47,EQBT50VROWU2jI_PI6_7EUI65SiPCCrZZgc8y4bFiDefikfk,2.71,2.71 TON Ref#GA2TKNZQHA======
2024-11-14 17:15:56,EQCzF1WTOknznj2TGvVBsFxD6Nw5oAMdGO9wnEy4ct_PalkJ,5.0,5 TON Ref#GA2TKNZRHE======
2024-11-14 17:15:56,EQCoyAqyeQhDw8O_bdjvC73oOlS4rNnYgz45EYPx0YFu09F1,4.36,4.36 TON Ref#GA2TKNZSGA======
2024-11-14 17:16:02,EQB7rYiQkCbxumGMQUVCon1rGxPwYRNfA-FGELc2jrld_t6K,2.37,2.37 TON Ref#GA2TKNZSGM======
2024-11-14 17:16:02,EQCVXy6eTwkanIER17Jwz4iV0OCdOljX8fTu4RHJ0iaTG7sQ,4.4,4.4 TON Ref#GA2TKNZSGE======
2024-11-14 17:16:03,EQA9L9XxCuGvRdkmZ7qfJ3wcNed6AcuMtbhNI6s3GbAKMb8O,3.15,3.15 TON Ref#GA2TKNZSGU======
2024-11-14 17:16:08,EQD5VPLtfBv_wXO8yyCPxqUH1mQ4acYFeAFhJODvChte8wKP,5.0,5 TON Ref#GA2TKNZSGY======
2024-11-14 17:16:18,EQDZ4CVydoEXSwjjnKNBz8lT3NbgKhfO1bf0jfWxVQ06vAVA,1.87,1.87 TON Ref#GA2TKNZUGA======
2024-11-14 17:16:51,EQC2kfZRqI0ta1L4ZCB2OaDI6O7eyIc7s7FIKoL0luOjIvUc,2.74,2.74 TON Ref#GA2TKNZXGE======
2024-11-14 17:16:53,EQBiSUJvA0mOQ6KaTmkL4figC7rrY3FW7xSmpk6J1hIB5QZC,1.82,1.82 TON Ref#GA2TKNZXHA======
2024-11-14 17:17:24,EQDm3jN_FbCd_U2eFd6gSSjzCTjTNZatcDEcpkA5rfnIxGi9,5.0,5 TON Ref#GA2TKOBQGY======
2024-11-14 17:17:35,EQBl98Hk3iLyo4l2EKWMGE9arVFod-rRh1BLoqN8eITZH-Eo,3.08,3.08 TON Ref#GA2TKOBRHE======
2024-11-14 17:17:53,EQA0-5AAWCsh4XOIH3FqUeYDUBJ-XW61CcDuxg27oFgkPZ1f,2.66,2.66 TON Ref#GA2TKOBUGA======
2024-11-14 17:18:00,EQCtibOpqMlq7ON2HMQNoIl5YYopMCEyOzHGB7oy91bmAVt_,3.26,3.26 TON Ref#GA2TKOBVGA======
2024-11-14 17:18:03,EQC5ETgxzCNAVutnfcFi6AVMZBjWqSZDBrVvBFab8OaEQHYa,1.96,1.96 TON Ref#GA2TKOBUHE======
2024-11-14 17:18:10,EQA0svgBMMEAIj5Cy1TjzIrSn0B2H24fMgoRupOzJMmohWfz,2.02,2.02 TON Ref#GA2TKOBXGM======
2024-11-14 17:18:17,EQAckv70zXHXd5pQgwmgemhv6N3qivy3eiiKRZQS-2WD10dO,3.27,3.27 TON Ref#GA2TKOBVG4======
2024-11-14 17:18:25,EQBU8CvdTjvbwYbbp1-9p9epibH1kHLHlCwvoobq27RVluG4,2.35,2.35 TON Ref#GA2TKOBQGA======
2024-11-14 17:18:25,EQADvUYsOLef8QTC3XthclTGJzwEFbut4caBS6nQdUgRCihk,3.79,3.79 TON Ref#GA2TKOBZGQ======
2024-11-14 17:18:29,EQBIazMOKjVhKQz9v8SGrBX86lJpPAMJ7MLqNmHifHDctSVM,4.71,4.71 TON Ref#GA2TKOBZHA======
2024-11-14 17:18:31,EQCx7mgcjdcme8Xr2gtGhFo7LqduSz3noL9LLXUpaCtp6zon,3.29,3.29 TON Ref#GA2TKOJQGI======
2024-11-14 17:18:38,EQBodvMiPZmRAiAYe7UBjiCBdOOc6YzT7KlPebxxJKVywvPA,2.94,2.94 TON Ref#GA2TKOJRGU======
2024-11-14 17:18:41,EQBCZKyZOYpbOKm6NdDYmJ6y5S_AOM-NbFIoY5Z8SM-0IkHZ,2.83,2.83 TON Ref#GA2TKOJRGA======
2024-11-14 17:18:45,EQCLrrpMSHcQOLltA5XB5zZyZiP_fJraoOEIkVJfSqB9T9vR,2.32,2.32 TON Ref#GA2TKOJRGQ======
2024-11-14 17:19:06,EQCJtsJ9Vwjtu8lWG7eSi6JV43tunt4I_TRQT6R4JtVkLXmr,3.0,3 TON Ref#GA2TKOJTGU======
2024-11-14 17:19:19,EQDdFROBJB-os2U1diG9UFmomxN0P3wc2bo3TExswn7G3Jj4,5.0,5 TON Ref#GA2TKOJVGI======
2024-11-14 17:19:19,EQCvuPXOXDqci9ZMmI7BuGPrHc78VUw5eSz5AZ03Mg8NzDlq,3.37,3.37 TON Ref#GA2TKOJWGQ======
2024-11-14 17:19:19,EQCmCEU7Vtwvlxs2_kbzAqrF7ZLi0phBwl8nvpwThIsbgAeU,2.87,2.87 TON Ref#GA2TKOJVGQ======
2024-11-14 17:19:25,EQAi5asPQdgBDPCSyGoAAdUodLT-fvz46JbivgmEtrjdsysm,2.45,2.45 TON Ref#GA2TKOJXGQ======
2024-11-14 17:19:40,EQBqCdkl-MU4D4Tuagbleunm97Tun-bfK2Z5buz9jlcMWQfy,2.99,2.99 TON Ref#GA2TKOJXG4======
2024-11-14 17:19:50,EQCdAV2aNOMlNNxsdHniwxHYLnfHFpDzdAMGIpNe2QwLVVn6,3.8,3.8 TON Ref#GA2TKOJWG4======
2024-11-14 17:19:51,EQAfrx8YJg0BSUr3T0tohH7GbNMCK1EozT99BR2VZ9viFt75,0.1,0.1 TON Ref#GA2TMMBQGY======
2024-11-14 17:20:02,EQA0eUoe0c3NupuT6IMBAtamUac1VJjXr2UfYsiVQnkShl0p,3.12,3.12 TON Ref#GA2TMMBRGE======
2024-11-14 17:20:14,EQD3Q3WZ6Zf8RL3STGSCsB43tzFVytGr0lspL-FrucWEpeuB,4.7,4.7 TON Ref#GA2TMMBSGY======
2024-11-14 17:20:23,EQAI6C5LYd8XFwXEIwlpQF5UMHIZYENSu-DeV5p59Unwyx7z,2.55,2.55 TON Ref#GA2TMMBTGI======
2024-11-14 17:20:29,EQCfXRkQ0Vb59EkCgq33zlSVTHL7obT-WN_rrHlQFJZtQQ_A,4.16,4.16 TON Ref#GA2TKOJZG4======
2024-11-14 17:20:41,EQBeeTHpm0dWEj6bso-yBjzzFnvxRZ5VmTxtpTHi5W8lkUoo,5.0,5 TON Ref#GA2TMMBVGA======
2024-11-14 17:20:48,EQAo0MX0NdbCg_CUNb2tkrs8FyLeeGW7urzAbExI2JJ6jT6E,5.0,5 TON Ref#GA2TKOJXGI======
2024-11-14 17:20:48,EQA0FLP7vUq4lenVEGA5IGaLiQna0Y87v_7XOOEDxG6wZ6_3,5.0,5 TON Ref#GA2TMMBWHA======
2024-11-14 17:21:00,EQDvMjJkE7qVsfJ105i25NfoFErmCFN-kYJSG8o6NujRxkHw,1.77,1.77 TON Ref#GA2TMMBXHE======
2024-11-14 17:21:12,EQDYNpq3ihS7YemM3gCrpagVhzCG7QFV-Aif5vZLVM8PtMHP,1.73,1.73 TON Ref#GA2TMMBZGU======
2024-11-14 17:21:18,EQBv57h9hyiGL3m-epJdrkOW8td4QU3XQXAgmRtOUv4G9Vo4,4.0,4 TON Ref#GA2TMMJQGA======
2024-11-14 17:21:21,EQCNmILVAagfaquZPfHzw1TS579gRu_0u3WiUYDotVpZJtay,2.51,2.51 TON Ref#GA2TMMBYGI======
2024-11-14 17:21:24,EQBN9ekCVg4Ab419zHLHYhM81lfHqszJK6PF_efaF9pBfoZP,4.57,4.57 TON Ref#GA2TMMJQGY======
2024-11-14 17:21:31,EQBHkoTt2BTlcggWxlSiwL80ei0i2e0e3qH5r89EGamU9K-v,3.75,3.75 TON Ref#GA2TMMJSGI======
2024-11-14 17:21:40,EQC7k4FPuLJMTPC1JPpaS-wG0tRBznp2KYU-vSvgQ6HlKlyL,3.68,3.68 TON Ref#GA2TMMJSHA======
2024-11-14 17:21:46,EQBae7keSD9DK7qUDMdxkMJ91bDxDkYMXD6KFo1XCCVloTqT,2.08,2.08 TON Ref#GA2TMMJTHA======
2024-11-14 17:21:56,EQDS_IRNtQbKHNu8PkWgXS6kHu-pjvkr7uRvx6NvF98TelnG,2.66,2.66 TON Ref#GA2TMMJUGU======
2024-11-14 17:22:05,EQDKZGKbbEv3P89w4utagExCHqEBFjnVN0zwIzJCXBfSu5Eh,3.3,3.3 TON Ref#GA2TMMJVGI======
2024-11-14 17:22:58,EQDpfFRfhSfMvoO8ZsSRBChS-n2I_9-UZa1nbnftW6BNBdoB,2.1,2.1 TON Ref#GA2TMMRQGM======
2024-11-14 17:23:13,EQD_mcn-XRB8891brdbRwlG6bcilDwk-XTDI6bZCg03ZezJ-,3.67,3.67 TON Ref#GA2TMMRRGI======
2024-11-14 17:23:48,EQCyObc53KvxEtem4gIFZdsp3HTRD2T-Tx2ksPN9XMQlbVMD,4.43,4.43 TON Ref#GA2TMMRTHE======
2024-11-14 17:23:53,EQAS1HWRgPMeCXz1Mhmy2okWjJXP8Wn2JqVHnmdOfrXam4mC,3.61,3.61 TON Ref#GA2TMMRUGA======
2024-11-14 17:23:57,EQCngQ3P2TSDBM6o91K_pUjKR5AGv0-v2ELHD74faK5QBE5W,3.68,3.68 TON Ref#GA2TMMRUHA======
2024-11-14 17:24:12,EQCczRdHYzVnyHne4qZbiluOeP6NReIKMY4eeCLFyEpreTI0,3.57,3.57 TON Ref#GA2TMMRWGA======
2024-11-14 17:25:00,EQCxnTICE31r4FfJhaxRCSz5qox7AhnXpoTkM88qr1JxBbDn,3.23,3.23 TON Ref#GA2TMMZQGU======
2024-11-14 17:25:03,EQCw2VcmVunx8aHpxWTihuOQ-_9oREt2WxOAMZRyfBHw3jF3,1.49,1.49 TON Ref#GA2TMMZQHE======
2024-11-14 17:25:11,EQDDPukHAv7mF7x34Te2NwIqQ2_srq3irKNjyhEmzAFhR6x8,3.56,3.56 TON Ref#GA2TMMZRGA======
2024-11-14 17:25:20,EQA8yCRMlUIa_bcV5FFUqT_mB3tANndQiV6RBQR1n5hw2q7l,2.83,2.83 TON Ref#GA2TMMZRG4======
2024-11-14 17:25:28,EQCl4lVDAaPkCmGyzFQZxtALObaDr5-osv-amBcfCU4Ps8g1,1.21,1.21 TON Ref#GA2TMMZSGI======
2024-11-14 17:25:43,EQCvEHCVf5LBHYwS1AsNvbY4bVbtQpZjknaPFu1ffMNmuXEV,4.4,4.4 TON Ref#GA2TMMZUGU======
2024-11-14 17:25:52,EQAqAqxqmVOAJBi4I6-DlHEiNRM3030VBRhB3OAAvVAxsRTI,5.0,5 TON Ref#GA2TMMZUGQ======
2024-11-14 17:25:53,EQC7A0nYqN50y8V4cYNcNOxhDhd7XrbdCWy-wwPvxfysGMc2,1.79,1.79 TON Ref#GA2TMMZUGA======
2024-11-14 17:26:12,EQAfQdZX-jjOnnt8xwsw2XpXhVTBcQzgvMx8en2uivj8ODtC,2.66,2.66 TON Ref#GA2TMMZWGY======
2024-11-14 17:26:20,EQCJqBJ0RbunBCZB0farVVEMTuPEu7YbnRH3bg9VJCkNATNn,3.83,3.83 TON Ref#GA2TMMZYG4======
2024-11-14 17:26:30,EQAO-YyyqDeH7t2Yayqk6R2jVoTYr215csr45tQVbQRIT6ED,2.53,2.53 TON Ref#GA2TMMZZGM======
2024-11-14 17:26:37,EQCrH5zcwdvGjK2MNiAE7dVz9OfgUY-o1DQgG0LS3sB6BgUy,3.94,3.94 TON Ref#GA2TMNBQGI======
2024-11-14 17:26:41,EQCs2_ya9GFCTbhA7tNA53g_3erqFtL-_crG3eQvvS07hE3b,2.5,2.5 TON Ref#GA2TMNBRGA======
2024-11-14 17:26:46,EQAnWcXwmus7Lff08VhdtEwXbFrQzMj2EJhd7HosyszVANve,4.7,4.7 TON Ref#GA2TMNBRGY======
2024-11-14 17:27:19,EQBEoCVvx-QOmwYXHctlFwiwAiLNZohGhVybITER1iqKmCa3,1.39,1.39 TON Ref#GA2TMNBUGU======
2024-11-14 17:27:51,EQDTyZKlb-sYB2XdZk4BU6nJwnX0zROUouuYPpUUrRrYez75,4.51,4.51 TON Ref#GA2TMNBUHE======
2024-11-14 17:28:04,EQBq617skkisKaGdHgAL1Btnf98IBhgOT2OR3y0NieSD2-Gj,2.22,2.22 TON Ref#GA2TMNBWHA======
2024-11-14 17:28:09,EQBTWFR_pXj-oDzAUFHT2RUoB-Sx2NkE8bGda5lvu_t7bG7k,2.54,2.54 TON Ref#GA2TMNBXGQ======
2024-11-14 17:28:10,EQDfZFkEfv-_4-dmrDsW6cU9a-am6FyAWvY_9PeWtYyk5Sr0,3.24,3.24 TON Ref#GA2TMNBVG4======
2024-11-14 17:28:13,EQBZx6TnRB5aJa0iGdm4GPPp1aVuIm60WcM_3zvfQoF0UjgI,5.0,5 TON Ref#GA2TMNBXGA======
2024-11-14 17:28:42,EQAAyHars_dTcb2p-sngLpkldB2X-FF3_rG8xQXj0vudLVB5,1.88,1.88 TON Ref#GA2TMNJQGE======
2024-11-14 17:29:02,EQCBz_65OKQSYuaWM-_R2S1BIOqZnGKUPdkCyMa7qM-f_frh,5.0,5 TON Ref#GA2TMNJRGA======
2024-11-14 17:29:15,EQDh6GQMb5bbr-RqXDmwPPGBh1b4GGU44XkDYbxcUOiRtcCp,3.58,3.58 TON Ref#GA2TMNJSGY======
2024-11-14 17:29:18,EQBYQJmp3WEPD8_1ZLSDdQ8gOfV5XOsmRac4V-y70D7LpCnQ,2.32,2.32 TON Ref#GA2TMNJTGA======
2024-11-14 17:29:39,EQA7eSnBxWffc30IKYHCGixJHeAb3TqAD2e0efCed_B85omb,2.25,2.25 TON Ref#GA2TMNJTHE======
2024-11-14 17:29:45,EQCmQDKA8BbNE-SI2PHhlDFu-1mIMtDQmBb4VThi1hopQb-b,1.78,1.78 TON Ref#GA2TMNJVG4======
2024-11-14 17:29:45,EQA0D9I6tAK5oP8Lo0aQnv7OM3Qc04qyCDfL7lc29wEt56pt,4.31,4.31 TON Ref#GA2TMNJVGY======
2024-11-14 17:29:56,EQBopXko-Tx1_hRcwH88G3ZsooAwU3-fIHZl9L5-AiNrXsfN,5.0,5 TON Ref#GA2TMNJRGY======
2024-11-14 17:30:06,EQDeOOYjfzBm9RqwZ0OCjHL6ZgSAnz1DisX4oyUzfg47n7Ml,2.7,2.7 TON Ref#GA2TMNJWGM======
2024-11-14 17:30:09,EQDR0nv3WSZ0RR3sB4lE1EZnODRzTwAoB-_twCdn3aYPAKoV,5.0,5 TON Ref#GA2TMNJXGM======
2024-11-14 17:30:14,EQAqaPYcimE8PKkeI96fZ6tCOl7p4YF9Zrw8SUTi7aYAgRMH,1.78,1.78 TON Ref#GA2TMNJXGY======
2024-11-14 17:30:26,EQAwcGRDZoNqmGJLzAsQxgcSF_KG3SHH7cl27qZan6ynYAQf,2.6,2.6 TON Ref#GA2TMNJXGU======
2024-11-14 17:30:27,EQDmh6fdQTjTJITs10fPFl60o6DY7EKrdEacZJ9UudDI3LNY,1.79,1.79 TON Ref#GA2TMNJYGY======
2024-11-14 17:30:30,EQDiosw_3g53IekdTRjaoPTjVI2FmiKh-ki5kBRU7AwtNq97,5.0,5 TON Ref#GA2TMNJYHA======
2024-11-14 17:30:32,EQBqPh6H_wdalm9h-A-hRTVgYevKRQQtsF6jCzM7egXmaOGc,2.52,2.52 TON Ref#GA2TMNJZGI======
2024-11-14 17:30:32,EQBtHAqYwKu2HNsoCFhqNoiQ3P0udbuuKE7f7vcNMnJZMvvJ,4.84,4.84 TON Ref#GA2TMNJZGQ======
2024-11-14 17:30:44,EQA1RH-qnnrxKF89xyOXlTYyvNSn95yjAKUJUEK6tVI69-Tt,1.76,1.76 TON Ref#GA2TMNJZHE======
2024-11-14 17:31:17,EQD3Oa1CnhASoHMVM8Oq_vSy8oQ3YEM13wXDiDJhKQNWtUmk,5.0,5 TON Ref#GA2TMNRTGQ======
2024-11-14 17:31:21,EQA13DWBbsuRvCNdZ9zw86wWcQ1PzLQZrOFYN2eytq54320M,3.42,3.42 TON Ref#GA2TMNRUGM======
2024-11-14 17:31:49,EQCnd-WQ5EotdEhd1-9zQBAqzAiQsZjb_ibcovESbh_aMjQ0,3.25,3.25 TON Ref#GA2TMNRVG4======
2024-11-14 17:32:20,EQAmdkI6NheiTIhGZX1c7sLJt9o2dXKxkpCMNsBaprmcIqk3,3.24,3.24 TON Ref#GA2TMNRYGE======
2024-11-14 17:32:20,EQAkMZ3zVsXB4tuAt0MsP-gpqiDzHY_FEfqcwnY35I0eZTH-,4.75,4.75 TON Ref#GA2TMNRXGY======
2024-11-14 17:33:02,EQDaKspvPWa4MFB1jfhF8xqYhKriT7W4LlxKipFA62fEiXLV,2.97,2.97 TON Ref#GA2TMNZRGU======
2024-11-14 17:33:06,EQBf-bCkAmt2T2uMY2bT07UKReqwcbIBSHCsF3xzRClrI96i,5.0,5 TON Ref#GA2TMNZRHE======
2024-11-14 17:33:17,EQBXZfYrt07pbpuzYvNtL2co9lj4-Vo0yRuLBapY_2Loiu7p,1.5,1.5 TON Ref#GA2TMNZSGY======
2024-11-14 17:33:50,EQDrsJR-i8_ewGx95Ln4zxYPVnE9ylexP9ekoTe-EVcUimzw,3.31,3.31 TON Ref#GA2TMNZUG4======
2024-11-14 17:33:53,EQDjDTvWCeZjN3-gHQgOQ1haa-xEd3WHGHE7ykgiCsoTuqqS,3.65,3.65 TON Ref#GA2TMNZUHA======
2024-11-14 17:34:10,EQAgiAhVpdPEn-_yuOg_bnlMre36OTOw6d7_ibcnWlBUGDw6,2.45,2.45 TON Ref#GA2TMNZWGQ======
2024-11-14 17:34:14,EQCE7LgD9tO5g31ltLRxhOLCRRX31P4O6Bv5mZ4SEPeyq_QQ,3.49,3.49 TON Ref#GA2TMNZVHE======
2024-11-14 17:34:39,EQC1byMOVu16dSEprOMpgt0YcB3b2H3-uu_OJvKFcXazlTcV,4.01,4.01 TON Ref#GA2TMNZYGM======
2024-11-14 17:34:41,EQCp6DULP5IFhZPyGVjfWCHeCXC__KfO5cVzYaei2_jXK_2A,3.47,3.47 TON Ref#GA2TMNZYGQ======
2024-11-14 17:34:56,EQAsJjcBas4C4mHGkxPx93Og28x8yt2TfdwQx4Vzd8GB4q5Y,2.83,2.83 TON Ref#GA2TMOBQGM======
2024-11-14 17:35:02,EQDHLpj5-50mTS2cSDxn1SgkhHXhP34fA4DsXTGiB8cOroPs,2.19,2.19 TON Ref#GA2TMOBRGY======
2024-11-14 17:35:03,EQC8Y9eOzNVIklUUwUq7LNs99tVMlVjDQkCUO8TxeDpgvlv1,2.79,2.79 TON Ref#GA2TMOBRGQ======
2024-11-14 17:35:28,EQCO-fWg0DJi6u4h5QzQ5VlDdvYiZo2XvjICSwGXjuynL7s0,3.48,3.48 TON Ref#GA2TMOBTHE======
2024-11-14 17:35:58,EQCbcHUUtNdVT-gokftiOoNSJxXwovV8s_L5VMa7rbpGs3Wm,3.04,3.04 TON Ref#GA2TMOBVG4======
2024-11-14 17:35:59,EQB5vqb2oh5UFQlCR04Uu9sHHDJgSzvV6HktAISG4TrDZ65b,4.09,4.09 TON Ref#GA2TMOBUHA======
2024-11-14 17:35:59,EQD7UKoVlsqMExVgnNnx0jWAjUZ-u8f5MQkc7qHT-BSgCQSL,3.91,3.91 TON Ref#GA2TMOBVGE======
2024-11-14 17:36:06,EQB1bmSKPwJT5UOIf9O--3uc96zP-TZAkh6u_DCbRdkbzo8T,2.92,2.92 TON Ref#GA2TMOBWGI======
2024-11-14 17:36:06,EQDwpg213DUVqiZVb97cOB1ocBWzcNi6TbNgUK9RhpWfzL8l,2.87,2.87 TON Ref#GA2TMOBVGY======
2024-11-14 17:36:20,EQCsqVD6HI7ql3EuJaVhNDQ6qwckXAX6q501iuR2Tgd4KKKn,3.23,3.23 TON Ref#GA2TMOBXGE======
2024-11-14 17:36:27,EQBXcNtZi0Lozd30TGZwDg7vdHuWwWFORc6EefDENGjpw8LN,2.51,2.51 TON Ref#GA2TMOBYGQ======
2024-11-14 17:36:29,EQCLdezQ6iYAnxI2WLnK3jojt-jMSEhPyFVOYdwurtE1ZNng,2.8,2.8 TON Ref#GA2TMOBYGE======
2024-11-14 17:36:43,EQDFdDB5cjPrpH5Wt1c-phu5KXuyGS1G-UnZim-fCnByTtAs,2.54,2.54 TON Ref#GA2TMOBZGI======
2024-11-14 17:36:52,EQBCoPol16GaD-mkxA5ADN3Sql0z4nQuHcko6TLFXF2dEmcV,1.33,1.33 TON Ref#GA2TMOBZHA======
2024-11-14 17:37:15,EQDtA8tiXkLLNydKX7827HYIzD-zfylgIjqCmlqW6h1C6i0L,5.0,5 TON Ref#GA2TMOJQGY======
2024-11-14 17:37:24,EQC8A0W4TBghiT_hT1qLL6Y6TT8qqxB86TilZv-l6rriuh79,5.0,5 TON Ref#GA2TMOBYGY======
2024-11-14 17:37:44,EQBL4amX2OjbeDd6Xs2DLyyr_3IaiGq5hg98_97dJN6vMPjh,5.0,5 TON Ref#GA2TMOJUGU======
2024-11-14 17:38:24,EQDhzPTxppJ3iwhORGZOdu-OLDyZx8sWqwCKYUEJ4AztRqTr,2.55,2.55 TON Ref#GA2TMOJXGM======
2024-11-14 17:38:29,EQArGIkeHO-9watp25fVnTY-LsHjB2xVJXuLD4_22PhZ6Qte,3.24,3.24 TON Ref#GA2TMOJWGI======
2024-11-14 17:38:33,EQAIyShYIpALHBfyemlMXR6NXnv-O-oGKrzP8L5UX55R0s57,4.21,4.21 TON Ref#GA2TMOJXGA======
2024-11-14 17:38:33,EQAu3iGgMYjEg9AufRsg3nGkozh96dKr6rNMe_m2fd6aY9VO,2.63,2.63 TON Ref#GA2TMOJXGI======
2024-11-14 17:38:36,EQAGWCTE-yIHV5nkQOrH05Oby0z9gRcTCJTOCPR11jE0UvL3,2.96,2.96 TON Ref#GA2TMOJXGQ======
2024-11-14 17:38:42,EQCZg_untOSZdtQGcicx1wTfnaHSdSTee_r262ut0KjAi6WL,3.29,3.29 TON Ref#GA2TMOJXHE======
2024-11-14 17:39:17,EQA-_5OZ7ZRcV9q3z-oqQAZpTZgcsBYsza8iLUKkuPGsN8D2,1.31,1.31 TON Ref#GA2TMOJZGQ======
2024-11-14 17:39:42,EQAEHIWVT4zieBzce4vsA2V25JQnfNisUubPaW0poFw4H50X,3.49,3.49 TON Ref#GA2TOMBQGM======
2024-11-14 17:39:53,EQCa2sipzp1ogDZv4HGBSSP4_sZ9ljkh2FN1oj23EMWbbNZe,3.19,3.19 TON Ref#GA2TOMBQG4======
2024-11-14 17:39:57,EQAoBElX4bPOgUOlg5-9EMv-KgW281fDnfI3f0LXxKX2H1E2,4.62,4.62 TON Ref#GA2TOMBQHE======
2024-11-14 17:40:10,EQAh7j8xDvcYFTUhD06zXetCcWlBoSYo_17qJ7hWr0qchSlK,1.77,1.77 TON Ref#GA2TOMBSGI======
2024-11-14 17:40:10,EQCU5HsyqzNASZSeKc5YJpzwR66ubktc_tnXYjcOaakG7aFs,1.59,1.59 TON Ref#GA2TOMBSGY======
2024-11-14 17:40:10,EQCd_MIzhhRO-ANj2cRKgEr2tMuzeyo7_v7__YRWEhWFewGY,3.97,3.97 TON Ref#GA2TOMBSGA======
2024-11-14 17:40:11,EQDuQHwdLX64nW9i5LXuUPhnDoMlxO-VNAFuIoLlQBphjNtl,2.55,2.55 TON Ref#GA2TOMBSGM======
2024-11-14 17:40:11,EQDLDvLk0jx0IG5zlKRCwuLho5XlUVIic4mgGzWROaG0CVHC,2.83,2.83 TON Ref#GA2TOMBRGE======
2024-11-14 17:40:11,EQDiCYGclRTnXHYScTB0YeJmC6esk7cDqPLuawnaGWxHRjCE,3.0,3 TON Ref#GA2TOMBRGU======
2024-11-14 17:40:16,EQBj6HpRF4pKpymx6Gg1x9sXkMOHqeYEC1iThenyfAt-x-48,3.11,3.11 TON Ref#GA2TOMBTGA======
2024-11-14 17:40:37,EQDQYfKbUeVmk--nkCwU1zFh2ctOI_Mvfu7lNY-wNEVnmMpx,1.76,1.76 TON Ref#GA2TOMBVGA======
2024-11-14 17:40:38,EQCDJPHOd8ZKFWiCxSQKKSW3RvUqjx61YzZ5g_N7tUlIK3bW,4.79,4.79 TON Ref#GA2TOMBUHE======
2024-11-14 17:40:49,EQCsxNxLPGXvbRlP07syVBEqCzooVmG3CjSYdLHe9KkmMPQE,3.5,3.5 TON Ref#GA2TOMBUGM======
2024-11-14 17:40:54,EQAEO-_sn4-exkdlJsuh8rWTLndeLN2s9MDRcDHLLzVFgxim,1.78,1.78 TON Ref#GA2TOMBWGQ======
2024-11-14 17:40:58,EQDXFL-_xbM4qz_G8rYMMke1Z_0HyUvsqYYPHPZcNjH23SEk,0.1,0.1 TON Ref#GA2TOMBWHA======
2024-11-14 17:41:07,EQAY6AQPZXbvKY4NjxrBrCjquCo2bg2R1X1dUqJC7ewdi5Fo,2.38,2.38 TON Ref#GA2TOMBXGM======
2024-11-14 17:41:12,EQBCOoaaLShWaoDJaXn1eu-as-ZCCYP9s1ovcRVN20PM-fC6,1.78,1.78 TON Ref#GA2TOMBXG4======
2024-11-14 17:41:30,EQA_TG72nHt7D1KGafd46dtBbf2frRbe1vQP74aK3lPh443d,4.24,4.24 TON Ref#GA2TOMBTHA======
2024-11-14 17:41:33,EQCZaBtrdEV_IRQIqM2__7GDrbIi3S2nqPj8dH3d-zB3hSjm,3.16,3.16 TON Ref#GA2TOMBYGM======
2024-11-14 17:41:37,EQA1NRm1iSo7F2nFlykMFpWhsHdLHFrIbw__ewN0UxAIzFhw,4.76,4.76 TON Ref#GA2TOMBYG4======
2024-11-14 17:41:42,EQBUSzaVm7JN5h4FJJpb_A2N0cKao9PssVJYOFcGwYQBE6Qw,1.77,1.77 TON Ref#GA2TOMBZGI======
2024-11-14 17:41:48,EQDyVjEF2fgShC7TfXcBT2pG4JD62yoMKm7n0SpSz19sm5sh,4.32,4.32 TON Ref#GA2TOMBYHE======
2024-11-14 17:42:13,EQAFpJphU4XHE2VA4vdil4t-uv622_1l3d88oznf5ZxWDWuj,5.0,5 TON Ref#GA2TOMJQGY======
2024-11-14 17:42:20,EQA10L5f4udm687ylOdY-CaMy6svwtBFLgoiQ38HpGOae9Hh,4.54,4.54 TON Ref#GA2TOMJQHA======
2024-11-14 17:42:28,EQDe5cR0H-g3UigP3qvA3YmHwEdKPEH8Ygp9fj1HvC6Nxhvp,2.34,2.34 TON Ref#GA2TOMJRHA======
2024-11-14 17:43:04,EQBJU8FpbvDhVNXqwsxCDBQhCj3MEhhGli1Pds5-0s4Rqr5k,2.02,2.02 TON Ref#GA2TOMJVG4======
2024-11-14 17:43:04,EQClS1D_c489ku9ThsANVtDpTdl9jAmjz1BgMNBsKBVDEvLg,2.81,2.81 TON Ref#GA2TOMJVGU======
2024-11-14 17:43:09,EQCs4xWMpcmGFWbWAzN9i-_KPAlXEgCI91U34k_zOm4AGjl_,3.4,3.4 TON Ref#GA2TOMJUG4======
2024-11-14 17:43:10,EQBBNCyUgxP4UlMKeq86qz4dFqqoVb6BrR1Cxkt069MTf9Sj,3.47,3.47 TON Ref#GA2TOMJWGA======
2024-11-14 17:43:22,EQDIow97AGqEifxusXWll5AhaUkKX_vAOZfyB15kmx4X559F,2.06,2.06 TON Ref#GA2TOMJWGU======
2024-11-14 17:43:45,EQCR0phpSDSrMqk2Zozd4d3f-54rNW4Cfolv1gQoS8p3EQ7E,1.32,1.32 TON Ref#GA2TOMJYGE======
2024-11-14 17:44:18,EQBRuytb9fs1bPmwr-do5uTAr9JFWUfH_jZuAME_rrETjFlW,3.82,3.82 TON Ref#GA2TOMJYGQ======
2024-11-14 17:44:33,EQDHyXYSYOivWc6JZb7uRTJ3DAUUK-yU_CNV-tKqoCQnIRhA,2.39,2.39 TON Ref#GA2TOMRQGM======
2024-11-14 17:44:53,EQDb-ekkb6JOJXztPxC3S9m_2fFM87bD7tkyoSWpiWVNv2SZ,2.93,2.93 TON Ref#GA2TOMRSGE======
2024-11-14 17:44:54,EQAo1A5jcgvIoVwZWULBHuaqA5B0dhML2atQETiCgMyfv8Vo,3.06,3.06 TON Ref#GA2TOMRRGM======
2024-11-14 17:45:08,EQA7HbmekvBlsnlns2b_LTFRB_WW9r6MDypC3Qu7PN-wS7aC,3.2,3.2 TON Ref#GA2TOMRSHE======
2024-11-14 17:45:25,EQCtFbcoY_wLcRuxx_NYSCdBBfCvQtwEkyEZfF8CIJQ_pcyf,3.31,3.31 TON Ref#GA2TOMRVGE======
2024-11-14 17:45:26,EQD76EYIvQHEKrfTjXuBu23NJlplbcfI4Gl0aLJP2lTK2s0P,2.42,2.42 TON Ref#GA2TOMRUGU======
2024-11-14 17:45:30,EQCJ_Ee3jfSKwEfJy1CyE3qAyuIEhrps8j_XVWV1AjXBZrsJ,5.0,5 TON Ref#GA2TOMRVGU======
2024-11-14 17:45:30,EQAD0cZzULKW_BhWUKqlV3giM1cw4K2BUFt9wntZh0MuvOUh,3.3,3.3 TON Ref#GA2TOMRVGI======
2024-11-14 17:45:35,EQD9ItgMYXKaMZDv5geNHZ76KGD_DycCa2JW7loUgqFR8AXR,2.51,2.51 TON Ref#GA2TOMRVHA======
2024-11-14 17:45:38,EQBS_7AvLWbOnFYUIB5_eDlGztoY_5V30tS_qZsaPEeG7nFn,2.76,2.76 TON Ref#GA2TOMRVGQ======
2024-11-14 17:45:40,EQA9EAfT2YoOkDiawEowcSM7aUkDAUPKT08CD18umuG9B43d,4.05,4.05 TON Ref#GA2TOMRTGM======
2024-11-14 17:45:47,EQC8tbRbImSDVhk_YSIlmb1lM1bjHxxj2wGGj3aMNtd9S_Cq,3.18,3.18 TON Ref#GA2TOMRWHE======
2024-11-14 17:45:53,EQCfISjgWoIwbHE0dqT14h57fMezHKgbSrMrmwBRFtjuuSpg,5.0,5 TON Ref#GA2TOMRXGI======
2024-11-14 17:46:02,EQAGNvRcaKngiUfdPoYe6Mvy7Sw6i_DAkt__b2oAUBf-UrYA,3.09,3.09 TON Ref#GA2TOMRXHA======
2024-11-14 17:46:38,EQA9q-wJyp8ccn4Q_OgiiVg3656bagVVa0h6b_DalAh-ZYK8,2.99,2.99 TON Ref#GA2TOMZQGM======
2024-11-14 17:46:43,EQCyrt-eeJVNPBw1szlSJridYJOCdSN237tifiI7wLNJg1-6,4.35,4.35 TON Ref#GA2TOMZQGY======
2024-11-14 17:46:50,EQB3PMUAyD7UVkr0u1KR0-PbiBYm5Ufpbz6avKlNRF6op0Cj,3.0,3 TON Ref#GA2TOMZRGI======
2024-11-14 17:46:57,EQDANrMcYqYrxKJd98H_YhWK7ReDr-TEFyPTd1rJJYoDDa03,2.0,2 TON Ref#GA2TOMZRGQ======
2024-11-14 17:47:40,EQDIueLVp3mCEjKqJPLyUEkZN0UAu90EMcgSOI79ql_MXDPa,4.0,4 TON Ref#GA2TOMZVHE======
2024-11-14 17:48:28,EQAwYbFFdmvKDiYDC8G_f8DQ_mmUmrFdBgECG4WxZHEwdh7q,5.0,5 TON Ref#GA2TOMZSHA======
2024-11-14 17:48:28,EQCCSEIW93OsmHd1x5tCh2xXvjcNRCO3EcAMlMt2TdCCBARu,4.79,4.79 TON Ref#GA2TOMZXGU======
2024-11-14 17:48:52,EQBe8OjhEbrrnK012XaKT4EOsfeaxOPTuxiILhRr3zLyfAC6,2.71,2.71 TON Ref#GA2TOMZZHA======
2024-11-14 17:48:54,EQAn86gh4ys01MZ9eVy7DO0tOGjdRlH56zoMWlRxZXDbk3eW,4.33,4.33 TON Ref#GA2TONBQGA======
2024-11-14 17:49:08,EQDPbhwaXoTAZM7w3Fz5GSXXxNsw0h1NPoYKRQUF-VBP-Eri,5.0,5 TON Ref#GA2TONBQGU======
2024-11-14 17:49:18,EQArNYRECmyKpBPxcz8IR4JGgWXKqQ5NKVvVBuMWuhMTP1CI,2.48,2.48 TON Ref#GA2TONBRGU======
2024-11-14 17:49:30,EQCMK-c13nTgBGsSeDatyloDJh5FW4iJtGCAJaoTHChO5Ka5,4.0,4 TON Ref#GA2TONBSG4======
2024-11-14 17:49:56,EQCUTPNtg7HUVY6AYUo_CFzqeKZtq1Je1XrrIgpiv20vW_kF,2.06,2.06 TON Ref#GA2TONBUGE======
2024-11-14 17:50:02,EQBUgFvRrDnZSZg9hKYDiXGqy_ivdPApN9uP-UO_P_yQJTMX,3.23,3.23 TON Ref#GA2TONBUGU======
2024-11-14 17:50:10,EQAuGmiaZh82CTvG_NQ-skn4PplAO55MrR43ZeTaiie-Tsu5,2.97,2.97 TON Ref#GA2TONBUHE======
2024-11-14 17:50:16,EQBbEdOHyMvds55Rk0UB80d53eaujfElXCmrA4PxBJUQrHcD,3.44,3.44 TON Ref#GA2TONBTHA======
2024-11-14 17:50:32,EQCkEYD6kiZlM-ZPGn7FTnb0d7RHIOlkqPGnhmfd4RQhuWlm,3.96,3.96 TON Ref#GA2TONBXGA======
2024-11-14 17:50:45,EQAdACz3yEdVeTyGho9_IsSfM9J3QKAc38YIj1IMXv9c5bMh,4.0,4 TON Ref#GA2TONBXGE======
2024-11-14 17:51:18,EQAglQGG4B5et4PXO5HfpDR4z-tcDe3eP7sNYSwsq_itEPkn,3.28,3.28 TON Ref#GA2TONBZGI======
2024-11-14 17:51:43,EQDAH0NbJNbOUGUUrGM-16prlCxR0bjWB7_sqES7HOfinzon,3.97,3.97 TON Ref#GA2TONJRGI======
2024-11-14 17:52:23,EQCG2nG8cnZIS5CO98HB2b76Yfu3KhyncWTVZNEqkIC6_6-8,4.25,4.25 TON Ref#GA2TONJTGU======
2024-11-14 17:52:38,EQAxfwZL6dFhFk-c9xWnjnHBcS59iVMOLMrkZUr4kzFzCAqE,2.95,2.95 TON Ref#GA2TONJTGY======
2024-11-14 17:52:38,EQDw1W0seFFG2SnavjFK53HPbpftaiBJzYsPG48h4TEg2LQt,4.0,4 TON Ref#GA2TONJUGM======
2024-11-14 17:52:38,EQBICWrAcazlnVo1PfIP8hoxBXcSpwcH6Y5kk1XvaR-i3cmh,1.52,1.52 TON Ref#GA2TONJUGA======
2024-11-14 17:52:38,EQB7Ghk80FDin97krFgONUhxCZd0eYuaIA2eBuvkSOU6PTd2,4.73,4.73 TON Ref#GA2TONJVGA======
2024-11-14 17:52:59,EQBEN3uY50bys2yc_9f-q-wPXEETt4JAHfcoRKIFtxJi8mNx,4.7,4.7 TON Ref#GA2TONJWGE======
2024-11-14 17:53:20,EQBta7WJ8btIBUOlox1SRN2wJC2fsIvRhpkqol4rqXpBPUJr,1.78,1.78 TON Ref#GA2TONJXGE======
2024-11-14 17:53:25,EQCrqVg79ikjZ4TOCK6Xank_gbrddvZSG9EvqHRkfgt5nJul,4.26,4.26 TON Ref#GA2TONJWHE======
2024-11-14 17:53:38,EQD6pbyjF-lVtCrV0U5coFuu4puxqWpNrOd7ZBE7s91v_sI6,4.78,4.78 TON Ref#GA2TONJYGM======
2024-11-14 17:53:52,EQBgo9vIjW51XW__4EfDvSrP4Q7RDP_A7gCxs0Rx4txOgOxt,5.0,5 TON Ref#GA2TONJYHA======
