date,from,value,comment,lt
2024-11-19 16:23:06,EQAxny2Eqlwh5nmHyL7er_me7XdHS83NL_R7K3bKTYKYj0yM,1.79,1.79 TON Ref#GEYTCOBZGQ======,51046373000002
2024-11-19 16:23:06,EQAQYKh0UaivqNtpMnDbbsk9v45_osRcfKzPfzahKC_zhP7k,4.0,4 TON Ref#GEYTCOJQHA======,51046373000001
2024-11-19 16:23:04,EQCkc1_IyH_p-6-iv7FlXPhGo-lWaCyyp8WEAg9GoGWk9t_y,1.0,1 TON Ref#GEYTCOJQGQ======,51046372000004
2024-11-19 16:23:02,EQDcym0-0e5Uqhhx6hSisfCo6SsPClIUojVAkFi0A2YFGKxq,1.0,1 TON Ref#GEYTCOBZHE======,51046372000003
2024-11-19 16:23:01,EQCefHvk4ErgGvFqFeE_0495FOO1hFPFIpeYC4O-ZKSXLi71,3.24,3.24 TON Ref#GEYTCOJQGE======,51046372000002
2024-11-19 16:23:02,EQDqIr5jjJWAxBKAE8Evt18S2gF7d7P8hvdRtdVHlSws4_cU,1.97,1.97 TON Ref#GEYTCOJQGI======,51046372000001
2024-11-19 16:22:59,EQCFWsoObBgqYZijb0GwQLfsGY7X1gtpVu3MDyAB0HBh6qe4,1.0,1 TON Ref#GEYTCOBZGY======,51046371000002
2024-11-19 16:22:57,EQDQEHNB-yJv_kfidyxynTY9wrHfVJILkolTRdndyhNLDiL0,4.33,4.33 TON Ref#GEYTCOBYHA======,51046371000001
2024-11-19 16:23:05,EQBlbJC_D-kLYxNIeLZgFdNRIwznQu_G68KqrI8tF_vsp4sH,1.0,1 TON Ref#GEYTCOJQHE======,51046370000003
2024-11-19 16:22:57,EQAsWks_V9xlhiIJFCkRMJ6k5TRgUyozdxf6VmB5rQj0tzJo,1.0,1 TON Ref#GEYTCOBZG4======,51046370000001
2024-11-19 16:23:02,EQBygtsm3Gx2CQaMOxhle74SPmiv1eWpUEuepeW-0iLQxKol,5.0,5 TON Ref#GEYTCOBZGU======,51046369000004
2024-11-19 16:23:02,EQBv2Y_h06I3KSOqZOnl3TEpPdfSwpy0CT5eVBhGdYvHsM_f,2.65,2.65 TON Ref#GEYTCOJQGM======,51046369000003
2024-11-19 16:22:54,EQDxe5slN_qsELmNd8Dyqf2jov9RgN3TT5KFchrD84dFYlyT,1.0,1 TON Ref#GEYTCOBYHE======,51046369000001
2024-11-19 16:22:59,EQBq1vB692GFfFFbXepno2yh316Be3d9J9R242X-bWy9FjnE,1.0,1 TON Ref#GEYTCOJQGA======,51046368000003
2024-11-19 16:22:51,EQCFSUNXRRFd6zpxyFVSKECj2F18mTbhUTfichSWtjHEatGH,1.0,1 TON Ref#GEYTCOBZGI======,51046368000001
2024-11-19 16:22:56,EQBiI9EEcO2-_WOir8i8aWlVm_wE3vEtAMiIA63BuQf52zJR,5.0,5 TON Ref#GEYTCOBZGM======,51046367000005
2024-11-19 16:22:48,EQC6d-LADz5ON2sLmyAAW-BMcV4TPEFwGhbykL_HmmJGZsAb,2.25,2.25 TON Ref#GEYTCOBYGE======,51046367000004
2024-11-19 16:22:48,EQC9CQ_-7jRBszfFq-f_GqijdBXf9VYtBNTF9Wjrhvy4TRM9,1.0,1 TON Ref#GEYTCOBYG4======,51046367000003
2024-11-19 16:22:47,EQDw1W0seFFG2SnavjFK53HPbpftaiBJzYsPG48h4TEg2LQt,1.0,1 TON Ref#GEYTCOBZGE======,51046367000002
2024-11-19 16:22:47,EQDf0DGdVb0lpJ436GiXR0yeNZduG5yvs58BGXXUROsNmdbF,1.0,1 TON Ref#GEYTCOBYGM======,51046367000001
2024-11-19 16:22:45,EQCh4T2IXau0rnSVBubuzi-ihcJrUXTNngwyGvSVituKjLLj,1.0,1 TON Ref#GEYTCOBYGQ======,51046366000001
2024-11-19 16:22:40,EQAQqmn6vLNAHXwreurccKLYBKwpjYpXKEfbK-POUVtKdMu7,1.0,1 TON Ref#GEYTCOBXGY======,51046364000005
2024-11-19 16:22:40,EQAJbSYXS68UkhwKcV7X2WcG-_cu44yPp3v1dI6OzCTRCY-x,2.16,2.16 TON Ref#GEYTCOBYGA======,51046364000004
2024-11-19 16:22:40,EQARErLJKVc6CslUaZpwKEIGgMAPbY9tbPelxOPdxh81Deqc,5.0,5 TON Ref#GEYTCOBWG4======,51046364000003
2024-11-19 16:22:40,EQAmGo8Fuvcid_AXa1y_EoZctltYYnReKusgRpmugZ2pSI3A,1.0,1 TON Ref#GEYTCOBXHE======,51046364000002
2024-11-19 16:22:40,EQCI-rz74hyhT053Gb_4YYB9jZ_ZdolAeH411D6hmhhUUhsM,1.0,1 TON Ref#GEYTCOBYGI======,51046364000001
2024-11-19 16:22:46,EQBFXPKJkH69piJoET_9qMYUDgllvrH5lfKzgXl680rBLA9I,1.0,1 TON Ref#GEYTCOBZGA======,51046363000003
2024-11-19 16:22:37,EQC-TolWFc8W82K8uukk_toYJ4srNDPMavYTZlBtcjXg4g8Z,1.0,1 TON Ref#GEYTCOBXGU======,51046363000001
2024-11-19 16:22:33,EQDXWXtgsJbVkD9Ue4SnM64d-C5XT4-qmuFq355HUUBLWFiJ,1.0,1 TON Ref#GEYTCOBXHA======,51046361000001
2024-11-19 16:22:36,EQBh35S83KpHs1xQ09DE_TkHvV_LEkTYBDVuQYW3uW-xXZlY,1.0,1 TON Ref#GEYTCOBXGE======,51046359000007
2024-11-19 16:22:36,EQBAUOj8NApBmAsBVv75tbom1J7rSfl-9x952lLCIyrTAtYJ,1.0,1 TON Ref#GEYTCOBXGI======,51046359000006
2024-11-19 16:22:36,EQBCdQsaZ-2HRHHZ-rF5f0KkMiUWEk6IvyGtSa5D4RWup0h5,1.0,1 TON Ref#GEYTCOBWHE======,51046359000005
2024-11-19 16:22:26,EQC_gFuJk6LeNJUKLMpxNaPOCZY7l5x2ELJYbJ2N1ToNCPis,2.93,2.93 TON Ref#GEYTCOBWGQ======,51046359000004
2024-11-19 16:22:27,EQAt-a6FdveM2spLWDz5q-ospBL7iTEQjAdfmduakKmghsIV,1.0,1 TON Ref#GEYTCOBWHA======,51046359000003
2024-11-19 16:22:27,EQAaCRwKwXNmgrQVfY2vpeUdteg53yF1_QoJDCYD-zvg5AWC,1.0,1 TON Ref#GEYTCOBWGM======,51046359000002
2024-11-19 16:22:27,EQAbnDr4Cf5qXRx6Q4eizzjktziTj1JT_WkAe35Ww9frGeLC,4.75,4.75 TON Ref#GEYTCOBWGY======,51046359000001
2024-11-19 16:22:23,EQD499mXT48VYtX5fU-HFpw_ghlCbYYOUrpurWC7w41W0qvn,1.79,1.79 TON Ref#GEYTCOBWGI======,51046357000002
2024-11-19 16:22:23,EQDtxGRdulWMjBOUSGJhsHPvvwGYITsqmnpa1VUu9CUqfzDG,2.73,2.73 TON Ref#GEYTCOBWGU======,51046357000001
2024-11-19 16:22:14,EQCfv9zylPRgqh8WWUVwWsoHu3dRsbJmZI4zLTvMV_rMiBGq,5.0,5 TON Ref#GEYTCOBVHE======,51046355000001
2024-11-19 16:22:21,EQBGLvB2Ltm92iggUaJC36ot7soAnsUn5Ku8tsvRUrV6LStI,3.58,3.58 TON Ref#GEYTCOBRG4======,51046353000003
2024-11-19 16:22:05,EQCNSsQyYgTsLFNO4JAZZSVRv5dBJNq1ElRj7_fU0wxvMlS8,4.56,4.56 TON Ref#GEYTCOBVGU======,51046351000002
2024-11-19 16:22:05,EQDIAlXFAA2zPPjp_8mRn60LZkLxOUZo3uVeQua7KOOnmvRL,2.98,2.98 TON Ref#GEYTCOBVGE======,51046351000001
2024-11-19 16:22:11,EQB7WLGzMtYg1ASQnVdo5lOIT4gWmcco9Dirss60t_ZMI1Rq,3.22,3.22 TON Ref#GEYTCOBVHA======,51046350000004
2024-11-19 16:22:00,EQABMU1lzH9MhXSv2_a6LR528pDL-pixm23Z-bm8m1ooues0,5.0,5 TON Ref#GEYTCNZZGQ======,51046350000003
2024-11-19 16:22:00,EQCESRuOocfmaV5b-LfXkIdOczBVBl5nfthjEHosDJ_V6Jpx,3.52,3.52 TON Ref#GEYTCOBVGI======,51046350000002
2024-11-19 16:22:00,EQAjcbmz0Oy7CMXTA58FTt9r8ghZnQkONV117M-ME_PKYwFD,3.17,3.17 TON Ref#GEYTCOBUHE======,51046350000001
2024-11-19 16:22:08,EQBXpFwBzbukN7CKcFmounUd_l_uOdStf9jH4RZTYiPvpdx1,2.65,2.65 TON Ref#GEYTCOBVGM======,51046348000003
2024-11-19 16:21:56,EQAtmA0GnOCIIM-MG6l6rwt3v93-Sm4MEXfdp7wyIMn6UgO3,2.44,2.44 TON Ref#GEYTCOBUHA======,51046348000001
2024-11-19 16:21:54,EQCaAxlWjN_A5ZefPdvPo7BEngVil3XtuFy49sP0f518-RNT,2.79,2.79 TON Ref#GEYTCOBUG4======,51046347000001
2024-11-19 16:21:49,EQDL9Pu8_8wdE2-DBpOTu61nQH-6aFGKRtD6hc2RXlt1umyk,1.0,1 TON Ref#GEYTCOBUGE======,51046346000004
2024-11-19 16:21:49,EQDtxGRdulWMjBOUSGJhsHPvvwGYITsqmnpa1VUu9CUqfzDG,2.5,2.5 TON Ref#GEYTCOBUGI======,51046346000003
2024-11-19 16:21:49,EQDbBYHa6ngDXN6AGSFhsPcPzKDiS5U3vi1u451mE3mrj0N0,1.0,1 TON Ref#GEYTCOBRGQ======,51046346000002
2024-11-19 16:21:49,EQD68tD3vawu1VRqf4jQPi1wCAwJ2B8bjOzcz_XuPhFKHO_M,1.0,1 TON Ref#GEYTCOBUGY======,51046346000001
2024-11-19 16:21:57,EQBcNO7X50xv7aGV0HbV0KVvnfVMZxhENesxsqCeGb8h5YI3,1.0,1 TON Ref#GEYTCOBVGQ======,51046345000003
2024-11-19 16:21:45,EQAoHaU2USzjPXFhs_VN7-SCWwM_z1Hrt2jaUfzd4IswZwwY,2.66,2.66 TON Ref#GEYTCOBTHE======,51046344000003
2024-11-19 16:21:45,EQAzAwY46qMI22UsjpHmF-mmL3PGdNMIxamd_1Q1CkyY0U7m,1.0,1 TON Ref#GEYTCOBUGA======,51046344000002
2024-11-19 16:21:45,EQD6f96aVDSLCi7j2o-4shs8dkh_im2GtE2v4aNEsaKWH0ub,1.0,1 TON Ref#GEYTCOBTHA======,51046344000001
2024-11-19 16:21:42,EQALIIwd0QP8lRACvVAnmxdMkagEtf2OdNta8oMtCVIhBakv,1.0,1 TON Ref#GEYTCOBTGE======,51046342000003
2024-11-19 16:21:42,EQCCnlo_uKD3TMvhW0fzs5IXT_Pmq51aDSIzEkY7eUBDypkm,5.0,5 TON Ref#GEYTCOBTGY======,51046342000002
2024-11-19 16:21:40,EQDhucarXIhO6cy2UL8xJpx188W38VipdIpp0VZR__mkfs9A,3.12,3.12 TON Ref#GEYTCOBTGM======,51046342000001
2024-11-19 16:21:38,EQCITSAM9mwM72Ac5Wz_0CWtFbIFkCfnFrwS61HWsKOcvjOS,3.68,3.68 TON Ref#GEYTCOBSHA======,51046341000004
2024-11-19 16:21:38,EQCS8_XLpq_yvxMIoLV2rGj6sd7O15hitG-Z15puV23Uj8mT,1.0,1 TON Ref#GEYTCOBTGA======,51046341000003
2024-11-19 16:21:37,EQDcym0-0e5Uqhhx6hSisfCo6SsPClIUojVAkFi0A2YFGKxq,2.35,2.35 TON Ref#GEYTCOBSHE======,51046341000002
2024-11-19 16:21:37,EQDf0DGdVb0lpJ436GiXR0yeNZduG5yvs58BGXXUROsNmdbF,1.0,1 TON Ref#GEYTCOBTGI======,51046341000001
2024-11-19 16:21:43,EQBMyllgYE7Ytz3XR6wjjEaYeJKJGEHDsawOkDt2x21nHCR1,5.0,5 TON Ref#GEYTCOBUGM======,51046340000005
2024-11-19 16:21:36,EQA8LnYTicVlt9wKPlcb-rUF1bP85elvv99Mgh-33SFnJmk4,3.29,3.29 TON Ref#GEYTCOBRHE======,51046340000004
2024-11-19 16:21:33,EQARC4bcsBL_qZTSz7yvoqoto3A7wfHpSzCjjE6jQT14xUuE,5.0,5 TON Ref#GEYTCOBSGU======,51046340000003
2024-11-19 16:21:34,EQD4XYEBvAw2-5pkZ-W83D8d-tCbx7brstMv_TNNySLnf7Sa,3.01,3.01 TON Ref#GEYTCOBRGY======,51046340000002
2024-11-19 16:21:33,EQA9bnJDJhTLCcOM07_ee-FlmpAOfKouBPTnWFOvwDYcoXOH,1.79,1.79 TON Ref#GEYTCOBSGM======,51046340000001
2024-11-19 16:21:40,EQBAUOj8NApBmAsBVv75tbom1J7rSfl-9x952lLCIyrTAtYJ,1.0,1 TON Ref#GEYTCOBTGQ======,51046338000005
2024-11-19 16:21:40,EQBFXPKJkH69piJoET_9qMYUDgllvrH5lfKzgXl680rBLA9I,1.0,1 TON Ref#GEYTCOBTG4======,51046338000004
2024-11-19 16:21:40,EQBCdQsaZ-2HRHHZ-rF5f0KkMiUWEk6IvyGtSa5D4RWup0h5,1.0,1 TON Ref#GEYTCOBSGY======,51046338000003
2024-11-19 16:21:30,EQDF2g4tzEa_Qtu-DuhxqNn73EyVCRrayr0rSDY1-ay8l1Cq,2.22,2.22 TON Ref#GEYTCOBSGE======,51046338000002
2024-11-19 16:21:23,EQC-TolWFc8W82K8uukk_toYJ4srNDPMavYTZlBtcjXg4g8Z,1.0,1 TON Ref#GEYTCOBRGI======,51046338000001
2024-11-19 16:21:37,EQBhUu7vWp5pPEjYHV-5k-iwin1g_boTWDjrk1k6qg9zis0j,3.62,3.62 TON Ref#GEYTCOBRHA======,51046337000003
2024-11-19 16:21:26,EQAFpJphU4XHE2VA4vdil4t-uv622_1l3d88oznf5ZxWDWuj,5.0,5 TON Ref#GEYTCOBRGE======,51046337000002
2024-11-19 16:21:25,EQDw1W0seFFG2SnavjFK53HPbpftaiBJzYsPG48h4TEg2LQt,1.0,1 TON Ref#GEYTCOBRGM======,51046337000001
2024-11-19 16:21:28,EQB9JZ_KD-aGNMBpBwXqSjycEnKj4rtxpCNfZK5_t7oW96F-,1.0,1 TON Ref#GEYTCOBSGA======,51046334000003
2024-11-19 16:21:18,EQAsWks_V9xlhiIJFCkRMJ6k5TRgUyozdxf6VmB5rQj0tzJo,2.27,2.27 TON Ref#GEYTCOBQHA======,51046334000002
2024-11-19 16:21:18,EQAwUfVjSFHrlpQ1ApUM68nGOELWoDMZ5bANjFax1ounuCaf,1.0,1 TON Ref#GEYTCOBQHE======,51046334000001
2024-11-19 16:21:11,EQDAKjRYODKzqUx8Z4HTICHonrB0XQPee6Aws3flfaZW09-I,2.71,2.71 TON Ref#GEYTCOBQGY======,51046330000001
2024-11-19 16:21:05,EQCtQoq1vWICSmvx7w61i6EmTbAvy6vbLR6M8qnD8MAOCW0-,5.0,5 TON Ref#GEYTCNZZGU======,51046328000006
2024-11-19 16:21:04,EQDlEqkYI_qIuqyMkJVwBuyMyBnsFKMK2D0jnwL4KeKFFLP0,1.9,1.9 TON Ref#GEYTCOBQGA======,51046328000005
2024-11-19 16:21:04,EQDIueLVp3mCEjKqJPLyUEkZN0UAu90EMcgSOI79ql_MXDPa,4.0,4 TON Ref#GEYTCOBQGM======,51046328000004
2024-11-19 16:20:59,EQAGRO6ht0XlMh9wXSD8ZQK1T0SCzl8bmh_958y8EXQONPWw,5.0,5 TON Ref#GEYTCNZZHE======,51046328000003
2024-11-19 16:20:59,EQC9hMkWbwUiciT42qklhJIW3pSZdrOlXo1lJg58fZwdtnVX,5.0,5 TON Ref#GEYTCNZZG4======,51046328000002
2024-11-19 16:20:59,EQCh4T2IXau0rnSVBubuzi-ihcJrUXTNngwyGvSVituKjLLj,1.0,1 TON Ref#GEYTCNZZGI======,51046328000001
2024-11-19 16:21:09,EQBiI9EEcO2-_WOir8i8aWlVm_wE3vEtAMiIA63BuQf52zJR,3.38,3.38 TON Ref#GEYTCOBQGQ======,51046327000004
2024-11-19 16:21:09,EQBfj9qJdy-tiiqU7Dd5BQjDF3lLhP60ssgu6ghTgmhoLmEK,5.0,5 TON Ref#GEYTCOBQGE======,51046327000003
2024-11-19 16:21:05,EQBh35S83KpHs1xQ09DE_TkHvV_LEkTYBDVuQYW3uW-xXZlY,1.0,1 TON Ref#GEYTCNZXHA======,51046326000003
2024-11-19 16:20:58,EQBkSgdHAOYVuAMyKzIvnk_1fty6fkdoFu_N3EAQCBLnVFhV,5.0,5 TON Ref#GEYTCNZZHA======,51046323000007
2024-11-19 16:20:46,EQAmGo8Fuvcid_AXa1y_EoZctltYYnReKusgRpmugZ2pSI3A,1.0,1 TON Ref#GEYTCNZZGE======,51046323000006
2024-11-19 16:20:43,EQCvxy_upMARJuBpDhCtiXs24TwsoW4fXQfIucewT3aX7ap9,1.0,1 TON Ref#GEYTCNZYGY======,51046323000005
2024-11-19 16:20:43,EQDJ8TAIn3JNP6s-21_KeLhGhl1uXGsb1z6o9gO9F-HJFU92,1.0,1 TON Ref#GEYTCNZYG4======,51046323000004
2024-11-19 16:20:43,EQDoHqXToDEA845W2VAcVcoBQyMy_BHxmje9F2T10Ey2qrkI,5.0,5 TON Ref#GEYTCNZYHE======,51046323000003
2024-11-19 16:20:44,EQAt-a6FdveM2spLWDz5q-ospBL7iTEQjAdfmduakKmghsIV,2.66,2.66 TON Ref#GEYTCNZYHA======,51046323000002
2024-11-19 16:20:41,EQAQqmn6vLNAHXwreurccKLYBKwpjYpXKEfbK-POUVtKdMu7,1.0,1 TON Ref#GEYTCNZYGA======,51046323000001
2024-11-19 16:20:47,EQBFXPKJkH69piJoET_9qMYUDgllvrH5lfKzgXl680rBLA9I,1.0,1 TON Ref#GEYTCNZZGM======,51046320000003
2024-11-19 16:20:39,EQC-TolWFc8W82K8uukk_toYJ4srNDPMavYTZlBtcjXg4g8Z,2.2,2.2 TON Ref#GEYTCNZYGI======,51046320000001
2024-11-19 16:20:37,EQDG3Vv0y9JZ0ATsFzNT_IF9rUl-1bQAG7KwIdwE8jYGXEX6,1.0,1 TON Ref#GEYTCNZYGM======,51046319000001
2024-11-19 16:20:41,EQBFMEB_zXeAXGMf1Y3iPM9ewED5nzhjAN_2mtNzmlmNkJEb,3.0,3 TON Ref#GEYTCNZYGE======,51046318000004
2024-11-19 16:20:31,EQAzAwY46qMI22UsjpHmF-mmL3PGdNMIxamd_1Q1CkyY0U7m,1.0,1 TON Ref#GEYTCNZXG4======,51046318000003
2024-11-19 16:20:30,EQCCnlo_uKD3TMvhW0fzs5IXT_Pmq51aDSIzEkY7eUBDypkm,1.0,1 TON Ref#GEYTCNZXGU======,51046318000002
2024-11-19 16:20:30,EQCDwH7eKbV2iTp3eRXIggkbHTiynlBKybKOD7SeIS2bZk-L,4.7,4.7 TON Ref#GEYTCNZXGY======,51046318000001
2024-11-19 16:20:38,EQBdKfeZhl9fBDj8UIghqQH5tHN4RY5Effp1xv6Kec2eq2CO,2.8,2.8 TON Ref#GEYTCNZUHE======,51046316000004
2024-11-19 16:20:29,EQALIIwd0QP8lRACvVAnmxdMkagEtf2OdNta8oMtCVIhBakv,2.22,2.22 TON Ref#GEYTCNZXGE======,51046316000003
2024-11-19 16:20:28,EQDx4oGAa3PmdpLdI6HV0yo8kuDY0MQOeXGqrjtVxCRxDbmS,1.0,1 TON Ref#GEYTCNZXGM======,51046316000002
2024-11-19 16:20:27,EQCmax8-IETarSecmI639EzgVyP_DNEJvStO60vrB7t9ojEj,2.8,2.8 TON Ref#GEYTCNZWGY======,51046316000001
2024-11-19 16:20:26,EQAYTmTMz8wq5fNcU04EqKqb3NHLsV53VWK1T9fVjXtF8yaU,2.79,2.79 TON Ref#GEYTCNZXGQ======,51046315000002
2024-11-19 16:20:25,EQDtxGRdulWMjBOUSGJhsHPvvwGYITsqmnpa1VUu9CUqfzDG,2.51,2.51 TON Ref#GEYTCNZXGI======,51046315000001
2024-11-19 16:20:22,EQDgrL1l68hOFaKWjBdDQWvAIAkwnFA-pYnY9D1xTicC0yKv,2.97,2.97 TON Ref#GEYTCNZWHE======,51046314000001
2024-11-19 16:20:18,EQA7o2ZaHpk6W1YjWiWPFcuBocPSP7jujfHVCZB9wGLpnbeR,5.0,5 TON Ref#GEYTCNZUHA======,51046312000003
2024-11-19 16:20:18,EQDlEqkYI_qIuqyMkJVwBuyMyBnsFKMK2D0jnwL4KeKFFLP0,1.78,1.78 TON Ref#GEYTCNZWGA======,51046312000002
2024-11-19 16:20:18,EQARC4bcsBL_qZTSz7yvoqoto3A7wfHpSzCjjE6jQT14xUuE,1.0,1 TON Ref#GEYTCNZWGQ======,51046312000001
2024-11-19 16:20:24,EQBCdQsaZ-2HRHHZ-rF5f0KkMiUWEk6IvyGtSa5D4RWup0h5,2.66,2.66 TON Ref#GEYTCNZVHE======,51046311000003
2024-11-19 16:20:15,EQAaCRwKwXNmgrQVfY2vpeUdteg53yF1_QoJDCYD-zvg5AWC,1.0,1 TON Ref#GEYTCNZVG4======,51046311000001
2024-11-19 16:20:21,EQBtl-pMlCQwpHH186RFtN8LHHTZx5Gee0wXuJhfe5NWdkTA,1.79,1.79 TON Ref#GEYTCNZWGM======,51046310000006
2024-11-19 16:20:21,EQBBpQ3dHVV_cd46S2nN5xD2AlbMAyt_p7qpKVaS2d9Mlfog,5.0,5 TON Ref#GEYTCNZWGI======,51046310000005
2024-11-19 16:20:21,EQB_tbe6Umk8rOFZxrwLHCeoVkHb3UjKy0GOZS-jlMskHj1J,5.0,5 TON Ref#GEYTCNZWHA======,51046310000004
2024-11-19 16:20:12,EQA2k00zAsOp2QftArqfsh4WHk7IdIoiqeol3W3IK-weOurS,5.0,5 TON Ref#GEYTCNZVGY======,51046310000003
2024-11-19 16:20:11,EQDw1W0seFFG2SnavjFK53HPbpftaiBJzYsPG48h4TEg2LQt,1.0,1 TON Ref#GEYTCNZVGQ======,51046310000002
2024-11-19 16:20:11,EQDp8FSof0xWu9SYMLCkdBBUy6Ynmx1Hti7RYzxpczS-hylc,1.0,1 TON Ref#GEYTCNZVGA======,51046310000001
2024-11-19 16:20:18,EQBcNO7X50xv7aGV0HbV0KVvnfVMZxhENesxsqCeGb8h5YI3,1.0,1 TON Ref#GEYTCNZXGA======,51046309000005
2024-11-19 16:20:18,EQB_R2iRBYycJrWXzwBK640I2XefBq1M01O2u7dwj_3RKYJ9,1.0,1 TON Ref#GEYTCNZVHA======,51046309000004
2024-11-19 16:20:18,EQByfZj517neLIIsjEAFQmIAiDEDKCue_hVs053-8EU2lgkO,1.0,1 TON Ref#GEYTCNZWGE======,51046309000003
2024-11-19 16:20:09,EQDtdujAqir7tjJmD0LnMB4PQlfcVjcUAhNglfLBcb9jgB_C,5.0,5 TON Ref#GEYTCNZVGE======,51046308000001
2024-11-19 16:20:13,EQBmSrsbvXBkvENiEB7OPI3VmSe42ejpt7XpV2bIIuydzBHg,5.0,5 TON Ref#GEYTCNZVGU======,51046307000003
2024-11-19 16:20:04,EQD68tD3vawu1VRqf4jQPi1wCAwJ2B8bjOzcz_XuPhFKHO_M,1.0,1 TON Ref#GEYTCNZVGI======,51046307000001
2024-11-19 16:20:10,EQB1bj6huZFoz5i_XBcMDxCj4cBTaXYAo-E1D89z9LJI41jq,1.0,1 TON Ref#GEYTCNZVGM======,51046306000003
2024-11-19 16:20:01,EQCkc1_IyH_p-6-iv7FlXPhGo-lWaCyyp8WEAg9GoGWk9t_y,1.81,1.81 TON Ref#GEYTCNZUGU======,51046306000001
2024-11-19 16:19:56,EQArrbCVFAvIUJdl2ZSX90gy1awJ1IOUfPxSl_SxwQBlsOCI,2.55,2.55 TON Ref#GEYTCNZUGY======,51046305000001
2024-11-19 16:19:55,EQCFWsoObBgqYZijb0GwQLfsGY7X1gtpVu3MDyAB0HBh6qe4,1.0,1 TON Ref#GEYTCNZTGM======,51046304000001
2024-11-19 16:19:52,EQDHNFnEOA5wRA7_uBnPJ05d9vXmeq7-Ro_Xpwv1CZ9YqcI3,1.79,1.79 TON Ref#GEYTCNZUGM======,51046302000002
2024-11-19 16:19:51,EQCHihemkZLUaBPB-FpFklnJ5EkM0vPqWtMmVErfzSVaU-x2,5.0,5 TON Ref#GEYTCNZUGI======,51046302000001
2024-11-19 16:19:48,EQA8RagiRFytrBIClP2eP5h1ebCYoUpXvd5NS1UkfFpvCJL1,3.0,3 TON Ref#GEYTCNZUGA======,51046301000006
2024-11-19 16:19:49,EQD_iJ1xgbVu7KrBKHbx0pLIDAfCfDmbNyYeCcNRAyx_2EjU,0.38,0.38 TON Ref#GEYTCNZUGE======,51046301000005
2024-11-19 16:19:49,EQDtxGRdulWMjBOUSGJhsHPvvwGYITsqmnpa1VUu9CUqfzDG,2.51,2.51 TON Ref#GEYTCNZUGQ======,51046301000004
2024-11-19 16:19:46,EQD3AygjLv2-Hp_EsS1kDH-5I2lMDJWON5UKKwyUlEJvMB3P,1.76,1.76 TON Ref#GEYTCNZTG4======,51046301000003
2024-11-19 16:19:42,EQCp2RshLDMf6zPJ832BDQgXKYEwd18MtMHNE7xHs0ZFMElZ,5.0,5 TON Ref#GEYTCNZTGI======,51046301000002
2024-11-19 16:19:42,EQCS8_XLpq_yvxMIoLV2rGj6sd7O15hitG-Z15puV23Uj8mT,1.0,1 TON Ref#GEYTCNZTHA======,51046301000001
2024-11-19 16:19:45,EQAYTmTMz8wq5fNcU04EqKqb3NHLsV53VWK1T9fVjXtF8yaU,5.0,5 TON Ref#GEYTCNZTHE======,51046299000002
2024-11-19 16:19:42,EQDbBYHa6ngDXN6AGSFhsPcPzKDiS5U3vi1u451mE3mrj0N0,1.0,1 TON Ref#GEYTCNZSHE======,51046299000001
2024-11-19 16:19:42,EQAuJXH4kUtC_2DXyNrajL1nvnGJmbgbsVMIKrGhkehEWPAw,2.41,2.41 TON Ref#GEYTCNZTGU======,51046298000001
2024-11-19 16:19:39,EQCh4T2IXau0rnSVBubuzi-ihcJrUXTNngwyGvSVituKjLLj,1.0,1 TON Ref#GEYTCNZTGQ======,51046297000002
2024-11-19 16:19:37,EQDmr6LuHg1P8MvoZRcvQJXuJPj7G6bejOK4aZ_R2oDtXLGV,3.04,3.04 TON Ref#GEYTCNZTGY======,51046297000001
2024-11-19 16:19:42,EQBBpQ3dHVV_cd46S2nN5xD2AlbMAyt_p7qpKVaS2d9Mlfog,1.0,1 TON Ref#GEYTCNZTGA======,51046295000003
2024-11-19 16:19:33,EQCDJPHOd8ZKFWiCxSQKKSW3RvUqjx61YzZ5g_N7tUlIK3bW,1.08,1.08 TON Ref#GEYTCNZSG4======,51046295000002
2024-11-19 16:19:32,EQABMU1lzH9MhXSv2_a6LR528pDL-pixm23Z-bm8m1ooues0,1.0,1 TON Ref#GEYTCNZSGY======,51046295000001
2024-11-19 16:19:28,EQD0POnaNr0lPQqChaoJ1NIHYFWfGlRkp7XdLN1CTmilAY8z,5.0,5 TON Ref#GEYTCNZSGQ======,51046293000003
2024-11-19 16:19:28,EQDwp7rVB7rx4RoufxID7G2SssRi_4OoMlaFAMFAu1Nxz5e4,2.22,2.22 TON Ref#GEYTCNZSHA======,51046293000002
2024-11-19 16:19:27,EQCeXzXGNbQc-4JgEEmBkxGltg1mxM9D7iYwc8TK9XfOj4aY,0.1,0.1 TON Ref#GEYTCNZRG4======,51046293000001
2024-11-19 16:19:33,EQBh35S83KpHs1xQ09DE_TkHvV_LEkTYBDVuQYW3uW-xXZlY,1.0,1 TON Ref#GEYTCNZTGE======,51046292000006
2024-11-19 16:19:33,EQB_tbe6Umk8rOFZxrwLHCeoVkHb3UjKy0GOZS-jlMskHj1J,3.0,3 TON Ref#GEYTCNZSGI======,51046292000005
2024-11-19 16:19:25,EQDJ8TAIn3JNP6s-21_KeLhGhl1uXGsb1z6o9gO9F-HJFU92,1.0,1 TON Ref#GEYTCNZSGA======,51046292000004
2024-11-19 16:19:24,EQAoKYdDD8owkMnsCr-GrjuaCjFxy8mTI3kRhTljl7rUYviV,1.0,1 TON Ref#GEYTCNZRHA======,51046292000003
2024-11-19 16:19:25,EQDWKtxaxPB4exdQdpTjo8dAVBo9j_LFDCbWFw2x4LkJLTHo,5.0,5 TON Ref#GEYTCNZRHE======,51046292000002
2024-11-19 16:19:23,EQCPQG0cNCUo_tSjOjPdG_tp3JSMrv7Ag3anKlUN9WlcI-OZ,2.98,2.98 TON Ref#GEYTCNZQGU======,51046292000001
2024-11-19 16:19:22,EQALOTdSK8wGlc0_2Jbz4aO0NZrFXxMC2xERtBdPdAw9J7Q6,1.53,1.53 TON Ref#GEYTCNZRGA======,51046291000002
2024-11-19 16:19:21,EQDtxGRdulWMjBOUSGJhsHPvvwGYITsqmnpa1VUu9CUqfzDG,2.57,2.57 TON Ref#GEYTCNZRGY======,51046291000001
2024-11-19 16:19:19,EQAINeV6wcqU8mVbf6RtTeHBIEmjDBKX_KfALHLSto6Z1tfX,5.0,5 TON Ref#GEYTCNZQHE======,51046290000002
2024-11-19 16:19:18,EQDG3Vv0y9JZ0ATsFzNT_IF9rUl-1bQAG7KwIdwE8jYGXEX6,5.0,5 TON Ref#GEYTCNZRGU======,51046290000001
2024-11-19 16:19:25,EQBGqlHVFiaPYxJZcvF-l-I2ntbXk3XmCZDehmXL8zrg8jFM,1.0,1 TON Ref#GEYTCNZSGE======,51046289000005
2024-11-19 16:19:25,EQBfj9qJdy-tiiqU7Dd5BQjDF3lLhP60ssgu6ghTgmhoLmEK,1.0,1 TON Ref#GEYTCNZQHA======,51046289000004
2024-11-19 16:19:17,EQCzgYOxopdl3FPizHuQ05B9IsZjLYZWcOGBu_vNiE09afiW,3.55,3.55 TON Ref#GEYTCNRZHE======,51046289000003
2024-11-19 16:19:16,EQAOyCuqFNYQAwiLvFKEWAhVnBeGx5W1oRu1pYcWcjZkM8Q0,1.0,1 TON Ref#GEYTCNZRGE======,51046289000002
2024-11-19 16:19:16,EQA0svgBMMEAIj5Cy1TjzIrSn0B2H24fMgoRupOzJMmohWfz,5.0,5 TON Ref#GEYTCNZRGI======,51046289000001
2024-11-19 16:19:21,EQBlVJ8H08-FWLk0ELYQ7ij_O-HNfDuZsxrpal0lw0-8yF04,1.0,1 TON Ref#GEYTCNZQGY======,51046288000005
2024-11-19 16:19:15,EQDlEqkYI_qIuqyMkJVwBuyMyBnsFKMK2D0jnwL4KeKFFLP0,1.83,1.83 TON Ref#GEYTCNRZGI======,51046288000004
2024-11-19 16:19:13,EQCMFjgRMjSwAw6Ko-AT3S_gZev1mycCGIX1w7bSj0mlpkkg,3.68,3.68 TON Ref#GEYTCNZQG4======,51046288000003
2024-11-19 16:19:13,EQCgJFAV8j6HpIo7HsYQhKLvUcz9NKu13gfp1qCmhbnXHIUW,1.0,1 TON Ref#GEYTCNZQGQ======,51046288000002
2024-11-19 16:19:13,EQAIPuqcUk7YAxAoP6uSzQ1iF85K0XHeJINGpWdFdDxqNQbY,2.99,2.99 TON Ref#GEYTCNZQGM======,51046288000001
2024-11-19 16:19:16,EQBSoF9JnsFU0Pm6xeCbQ50RsqRQeEerp6uwbcsRlCx0_Hat,2.72,2.72 TON Ref#GEYTCNRWGY======,51046285000006
2024-11-19 16:19:16,EQBcNO7X50xv7aGV0HbV0KVvnfVMZxhENesxsqCeGb8h5YI3,1.0,1 TON Ref#GEYTCNZRGQ======,51046285000005
2024-11-19 16:19:08,EQA7iavwuVqIHgrmqjY1E60FKu3gT25sP5GXxNkvnr21wFHI,3.8,3.8 TON Ref#GEYTCNRZGQ======,51046285000004
2024-11-19 16:19:07,EQC2MCfUaiWjKXviib1CQBqq2E-qwDsEVBCnMFRWJM9v7enS,3.68,3.68 TON Ref#GEYTCNZQGA======,51046285000003
2024-11-19 16:19:06,EQDf0DGdVb0lpJ436GiXR0yeNZduG5yvs58BGXXUROsNmdbF,1.0,1 TON Ref#GEYTCNZQGE======,51046285000002
2024-11-19 16:19:07,EQC2kfZRqI0ta1L4ZCB2OaDI6O7eyIc7s7FIKoL0luOjIvUc,1.99,1.99 TON Ref#GEYTCNRZHA======,51046285000001
2024-11-19 16:19:05,EQARC4bcsBL_qZTSz7yvoqoto3A7wfHpSzCjjE6jQT14xUuE,1.0,1 TON Ref#GEYTCNZQGI======,51046284000002
2024-11-19 16:19:05,EQAPqRqAqg5B41J7RluBeFa1o8dag3XC78mgvwzYWgNDdkQb,3.71,3.71 TON Ref#GEYTCNRYG4======,51046284000001
2024-11-19 16:19:09,EQBXpFwBzbukN7CKcFmounUd_l_uOdStf9jH4RZTYiPvpdx1,5.0,5 TON Ref#GEYTCNRZGY======,51046283000004
2024-11-19 16:19:09,EQBAUOj8NApBmAsBVv75tbom1J7rSfl-9x952lLCIyrTAtYJ,1.0,1 TON Ref#GEYTCNRZG4======,51046283000003
2024-11-19 16:18:59,EQA9bnJDJhTLCcOM07_ee-FlmpAOfKouBPTnWFOvwDYcoXOH,1.79,1.79 TON Ref#GEYTCNRZGU======,51046282000003
2024-11-19 16:18:59,EQAYTmTMz8wq5fNcU04EqKqb3NHLsV53VWK1T9fVjXtF8yaU,2.22,2.22 TON Ref#GEYTCNRZGM======,51046282000002
2024-11-19 16:18:57,EQD8o4bad09buMdulxY_3ffvi0Oeyupr1jrNCv0-ghJedSpD,2.45,2.45 TON Ref#GEYTCNRYGY======,51046282000001
2024-11-19 16:18:56,EQCoO8wt_px8kCwIFNmlP4b_qz4DQatfzCbcxS6m9680PMF3,3.93,3.93 TON Ref#GEYTCNRYHA======,51046281000003
2024-11-19 16:18:53,EQCf2F0Y00ZjanG9jbxCOkZR-5hVd9fLKwYewIsZpQ39xPkE,1.79,1.79 TON Ref#GEYTCNRYGI======,51046281000002
2024-11-19 16:18:54,EQAlr0Xb-98sSx4BgeiDqqmLOs5fLFEd-mQtIXJiZ379EqcT,1.44,1.44 TON Ref#GEYTCNRYGU======,51046281000001
2024-11-19 16:18:51,EQAOyCuqFNYQAwiLvFKEWAhVnBeGx5W1oRu1pYcWcjZkM8Q0,1.0,1 TON Ref#GEYTCNRYGM======,51046279000004
2024-11-19 16:18:51,EQCvxy_upMARJuBpDhCtiXs24TwsoW4fXQfIucewT3aX7ap9,3.0,3 TON Ref#GEYTCNRXHA======,51046279000003
2024-11-19 16:18:50,EQDtxGRdulWMjBOUSGJhsHPvvwGYITsqmnpa1VUu9CUqfzDG,2.51,2.51 TON Ref#GEYTCNRYGA======,51046279000002
2024-11-19 16:18:50,EQDD3l_G0HLmAKM5HlDBBhh7WTeEo3U0NghlWRPpnAqzlIt8,5.0,5 TON Ref#GEYTCNRXGQ======,51046279000001
2024-11-19 16:18:48,EQCTS3WE9i0ag-YHHhFNCOpTerQAa31Wc1K2FZjxxFKGbV3S,5.0,5 TON Ref#GEYTCNRXGY======,51046278000003
2024-11-19 16:18:49,EQA3cmpWZE5ZySgrErpzuZG4Z2vTNIX2GtaHeVtzCQNfxSYy,0.99,0.99 TON Ref#GEYTCNRYGQ======,51046278000002
2024-11-19 16:18:47,EQDw2BiCidAeE98IR3Pf1rPx_VJq96h_tohn44SYKyZX_CFK,5.0,5 TON Ref#GEYTCNRXGM======,51046278000001
2024-11-19 16:18:51,EQBJ-pG74bo8Qrbx1dDkwIev8lATX54FZukImnghveydjfHI,5.0,5 TON Ref#GEYTCNRWHA======,51046276000003
2024-11-19 16:18:44,EQA2k00zAsOp2QftArqfsh4WHk7IdIoiqeol3W3IK-weOurS,5.0,5 TON Ref#GEYTCNRXGE======,51046276000001
2024-11-19 16:18:48,EQB_R2iRBYycJrWXzwBK640I2XefBq1M01O2u7dwj_3RKYJ9,1.0,1 TON Ref#GEYTCNRXGI======,51046275000005
2024-11-19 16:18:37,EQAaCRwKwXNmgrQVfY2vpeUdteg53yF1_QoJDCYD-zvg5AWC,5.0,5 TON Ref#GEYTCNRWGE======,51046275000004
2024-11-19 16:18:38,EQC0Qn3cXerx932l6l1It6f-jc9fyiQnk57-aR6QLPuSGd4O,5.0,5 TON Ref#GEYTCNRWGQ======,51046275000003
2024-11-19 16:18:38,EQD68tD3vawu1VRqf4jQPi1wCAwJ2B8bjOzcz_XuPhFKHO_M,1.0,1 TON Ref#GEYTCNRWHE======,51046275000002
2024-11-19 16:18:37,EQAlH2530k1cYxEcNcobuc_FWNurHvSwGnLNJLgpu2MwT0AP,1.0,1 TON Ref#GEYTCNRWGI======,51046275000001
2024-11-19 16:18:45,EQBGqlHVFiaPYxJZcvF-l-I2ntbXk3XmCZDehmXL8zrg8jFM,1.0,1 TON Ref#GEYTCNRXG4======,51046273000003
2024-11-19 16:18:35,EQCPm7FJYl8ToCJZCCWeNpF1_mXR8Ou2quU5EDXVTW8yeu-j,5.0,5 TON Ref#GEYTCNRWGM======,51046273000002
2024-11-19 16:18:35,EQAQqmn6vLNAHXwreurccKLYBKwpjYpXKEfbK-POUVtKdMu7,1.0,1 TON Ref#GEYTCNRVGM======,51046273000001
2024-11-19 16:18:41,EQBBpQ3dHVV_cd46S2nN5xD2AlbMAyt_p7qpKVaS2d9Mlfog,1.0,1 TON Ref#GEYTCNRWGU======,51046272000004
2024-11-19 16:18:32,EQDtdujAqir7tjJmD0LnMB4PQlfcVjcUAhNglfLBcb9jgB_C,1.0,1 TON Ref#GEYTCNRVHA======,51046272000003
2024-11-19 16:18:32,EQC3AfeuNvOxCiPv2Co7Tb3qtdwCT-DhioQKIVt0--W7hD-k,5.0,5 TON Ref#GEYTCNRWGA======,51046272000002
2024-11-19 16:18:32,EQAoKYdDD8owkMnsCr-GrjuaCjFxy8mTI3kRhTljl7rUYviV,1.0,1 TON Ref#GEYTCNRVG4======,51046272000001
2024-11-19 16:18:29,EQC9CQ_-7jRBszfFq-f_GqijdBXf9VYtBNTF9Wjrhvy4TRM9,1.0,1 TON Ref#GEYTCNRVHE======,51046271000002
2024-11-19 16:18:29,EQA88HhZXEep0a8701ZPEO99-xq8I1RuM8gdGs85qPhuzang,1.09,1.09 TON Ref#GEYTCNRVGU======,51046271000001
2024-11-19 16:18:35,EQBGy479kPfqLLR-TTqNpYl16ynGrz12lvFQx_nOw8Dmi4fL,3.32,3.32 TON Ref#GEYTCNRVGE======,51046270000003
2024-11-19 16:18:27,EQATeesf_kGiRx-WrQFk1yL3RtLN-KDcVyIDsAZ74jK85lmK,2.9,2.9 TON Ref#GEYTCNRVGQ======,51046270000001
2024-11-19 16:18:23,EQAYpzsCCILjtoMMeG0ouczbApHKFE69bGBXmE3k-dp9uAWp,5.0,5 TON Ref#GEYTCNRUHA======,51046269000003
2024-11-19 16:18:22,EQDQgwyVC2ikeZRjujDVxK7_dT0XowDNZUhBieWTTllBZRED,5.0,5 TON Ref#GEYTCNRVGA======,51046269000002
2024-11-19 16:18:22,EQDWKtxaxPB4exdQdpTjo8dAVBo9j_LFDCbWFw2x4LkJLTHo,1.0,1 TON Ref#GEYTCNRUHE======,51046269000001
2024-11-19 16:18:20,EQAqR5ETIsp1KFlKWH3El0A-DlPUGj9YFuaP1cZgFRkgF4ft,3.1,3.1 TON Ref#GEYTCNRUG4======,51046268000001
2024-11-19 16:18:19,EQDbBYHa6ngDXN6AGSFhsPcPzKDiS5U3vi1u451mE3mrj0N0,1.0,1 TON Ref#GEYTCNRUGU======,51046267000002
2024-11-19 16:18:15,EQAYTmTMz8wq5fNcU04EqKqb3NHLsV53VWK1T9fVjXtF8yaU,2.98,2.98 TON Ref#GEYTCNRUGQ======,51046267000001
2024-11-19 16:18:10,EQC2fIkKcElixva3CLQDBVsZWzxiv_h4JmGftiOGQHJbMpqn,3.38,3.38 TON Ref#GEYTCNRTGY======,51046265000005
2024-11-19 16:18:10,EQC_jcl8MAVq9vJ5UVRkfTh2aciP-mCx_nAgF_Bd4mnRdgoP,2.99,2.99 TON Ref#GEYTCNRTGQ======,51046265000004
2024-11-19 16:18:12,EQAzAwY46qMI22UsjpHmF-mmL3PGdNMIxamd_1Q1CkyY0U7m,1.0,1 TON Ref#GEYTCNRUGE======,51046265000003
2024-11-19 16:18:12,EQABMU1lzH9MhXSv2_a6LR528pDL-pixm23Z-bm8m1ooues0,4.6,4.6 TON Ref#GEYTCNRTHA======,51046265000002
2024-11-19 16:18:09,EQDtxGRdulWMjBOUSGJhsHPvvwGYITsqmnpa1VUu9CUqfzDG,2.54,2.54 TON Ref#GEYTCNRUGI======,51046265000001
2024-11-19 16:18:15,EQBh35S83KpHs1xQ09DE_TkHvV_LEkTYBDVuQYW3uW-xXZlY,1.72,1.72 TON Ref#GEYTCNJVGU======,51046263000003
2024-11-19 16:18:09,EQBCdQsaZ-2HRHHZ-rF5f0KkMiUWEk6IvyGtSa5D4RWup0h5,2.66,2.66 TON Ref#GEYTCNRUGA======,51046261000005
2024-11-19 16:18:02,EQC1byMOVu16dSEprOMpgt0YcB3b2H3-uu_OJvKFcXazlTcV,5.0,5 TON Ref#GEYTCNRTGU======,51046261000004
2024-11-19 16:17:59,EQCpMXhFJ70Nn0hERP1xzSUerNhuWCf8xIeFDIF2bVu4fsEn,2.55,2.55 TON Ref#GEYTCNRSGQ======,51046261000003
2024-11-19 16:18:01,EQAXpG1fLVRj2pRNiVv00HRRc5_Nw3IxjGu4UXBu4AxVD4b5,3.0,3 TON Ref#GEYTCNRTGM======,51046261000002
2024-11-19 16:17:59,EQCN1LFm4VHfAYBBPYCQh6aCO2bq7hh-PFwfraIUSD9i9Edb,2.98,2.98 TON Ref#GEYTCNRRHE======,51046261000001
2024-11-19 16:17:58,EQABHNelg3gmjMKOsx-H5hewiGQUivs25gjkD-naC4vUFANm,1.79,1.79 TON Ref#GEYTCNRQGY======,51046259000008
2024-11-19 16:17:58,EQAmGo8Fuvcid_AXa1y_EoZctltYYnReKusgRpmugZ2pSI3A,1.0,1 TON Ref#GEYTCNRTGA======,51046259000007
2024-11-19 16:17:57,EQDYRaSAVVqUCen72WONIR991BCpuIOjccSdCGwjoDV4l7GA,5.0,5 TON Ref#GEYTCNRSHE======,51046259000006
2024-11-19 16:17:55,EQCS8_XLpq_yvxMIoLV2rGj6sd7O15hitG-Z15puV23Uj8mT,1.0,1 TON Ref#GEYTCNRSG4======,51046259000005
2024-11-19 16:17:55,EQCFWsoObBgqYZijb0GwQLfsGY7X1gtpVu3MDyAB0HBh6qe4,1.0,1 TON Ref#GEYTCNRQGQ======,51046259000004
2024-11-19 16:17:55,EQCkL2Tz9pLtDpkLyKN1INvl32KzDLd5x69zBnN-kT7SvRqa,2.25,2.25 TON Ref#GEYTCNRRHA======,51046259000003
2024-11-19 16:17:55,EQCh4T2IXau0rnSVBubuzi-ihcJrUXTNngwyGvSVituKjLLj,1.0,1 TON Ref#GEYTCNRRGQ======,51046259000002
2024-11-19 16:17:55,EQCvEDboZgk-d9tGyMQ3EKjyN8cjVdUEsw5jnvJT06rrO5Ju,3.84,3.84 TON Ref#GEYTCNRRGA======,51046259000001
2024-11-19 16:18:02,EQBixdR2X0R5I_q0LsPq4h55C1kMBSSmKn5hobHV4P0K7pj5,2.53,2.53 TON Ref#GEYTCNRRGM======,51046258000005
2024-11-19 16:17:54,EQA88HhZXEep0a8701ZPEO99-xq8I1RuM8gdGs85qPhuzang,1.09,1.09 TON Ref#GEYTCNRRG4======,51046258000004
2024-11-19 16:17:54,EQAKtm0fnOSxvE8NuZgJ2ZPhRLmxfplxSYdPcOGUYN0CT_9L,1.35,1.35 TON Ref#GEYTCNRSGY======,51046258000003
2024-11-19 16:17:54,EQAwUfVjSFHrlpQ1ApUM68nGOELWoDMZ5bANjFax1ounuCaf,2.71,2.71 TON Ref#GEYTCNRSHA======,51046258000002
2024-11-19 16:17:54,EQAl27oBR1GDG0NJdIirNlsyGP_1oanaHNij8kVH7ROyNKQ5,1.55,1.55 TON Ref#GEYTCNRSGI======,51046258000001
2024-11-19 16:17:59,EQB9skS7rL1qpSzZ-5LOER6FStaUy19EzVutLkGJ28tpbZX1,5.0,5 TON Ref#GEYTCNRTGE======,51046257000005
2024-11-19 16:17:51,EQAki94oe2TPk4msTaa6jON8E82EF6s2ASjagjGeyS90r4Z6,1.0,1 TON Ref#GEYTCNRSGE======,51046257000004
2024-11-19 16:17:46,EQClTE6HUYtYcmTyY_JoZF0LWUj_00KEnNmYEIjq7hHbqtwt,5.0,5 TON Ref#GEYTCNRQHE======,51046257000003
2024-11-19 16:17:46,EQCLfJZ91uBZ0zovUQ1cMcrgea1XV57PRHhAotWpImZTWvU0,2.21,2.21 TON Ref#GEYTCNRQG4======,51046257000002
2024-11-19 16:17:46,EQC7N-sMndI7QDCUDWip9dgR5P29mJhhC4qLIF2rNfq_NYZs,3.5,3.5 TON Ref#GEYTCNRQGU======,51046257000001
2024-11-19 16:17:48,EQA2Q80Hwpun30EGg7HZLvtM-SeSbAKf3EPoeLaYkNqrZ2ja,5.0,5 TON Ref#GEYTCNJZGI======,51046256000002
2024-11-19 16:17:48,EQAFpJphU4XHE2VA4vdil4t-uv622_1l3d88oznf5ZxWDWuj,5.0,5 TON Ref#GEYTCNRQHA======,51046256000001
2024-11-19 16:17:44,EQD0POnaNr0lPQqChaoJ1NIHYFWfGlRkp7XdLN1CTmilAY8z,5.0,5 TON Ref#GEYTCNJZHE======,51046254000001
2024-11-19 16:17:50,EQB_R2iRBYycJrWXzwBK640I2XefBq1M01O2u7dwj_3RKYJ9,1.0,1 TON Ref#GEYTCNRRGE======,51046253000005
2024-11-19 16:17:40,EQArvm2skiP7UQaREu3sj1NMQP04pL0PbXruzUWgShuG_qjW,0.1,0.1 TON Ref#GEYTCNJZGU======,51046253000004
2024-11-19 16:17:40,EQAy29pTUZWkosC6cCK6xruRPKd4UfNmV9nAxSAVWqNnhMBT,2.54,2.54 TON Ref#GEYTCNJZGE======,51046253000003
2024-11-19 16:17:40,EQATeesf_kGiRx-WrQFk1yL3RtLN-KDcVyIDsAZ74jK85lmK,3.41,3.41 TON Ref#GEYTCNJZG4======,51046253000002
2024-11-19 16:17:40,EQDtxGRdulWMjBOUSGJhsHPvvwGYITsqmnpa1VUu9CUqfzDG,2.63,2.63 TON Ref#GEYTCNJZGM======,51046253000001
2024-11-19 16:17:47,EQBJ-pG74bo8Qrbx1dDkwIev8lATX54FZukImnghveydjfHI,1.0,1 TON Ref#GEYTCNJZGY======,51046252000003
2024-11-19 16:17:37,EQA9bnJDJhTLCcOM07_ee-FlmpAOfKouBPTnWFOvwDYcoXOH,1.79,1.79 TON Ref#GEYTCNJZGQ======,51046252000002
2024-11-19 16:17:37,EQAGNvRcaKngiUfdPoYe6Mvy7Sw6i_DAkt__b2oAUBf-UrYA,2.92,2.92 TON Ref#GEYTCNJWGQ======,51046252000001
2024-11-19 16:17:43,EQBq1vB692GFfFFbXepno2yh316Be3d9J9R242X-bWy9FjnE,1.0,1 TON Ref#GEYTCNRRGI======,51046251000003
2024-11-19 16:17:35,EQAWdS-58bJqaBDZm-4azXSNWmxPk52a5PPFvLbkZChlKp4e,3.61,3.61 TON Ref#GEYTCNJYGQ======,51046251000002
2024-11-19 16:17:31,EQCTdg6UAz-fDoPQbmg2Mki5UPgXoTl1IJK9FYh8hmfkmK1e,5.0,5 TON Ref#GEYTCNJZGA======,51046251000001
2024-11-19 16:17:28,EQAGx4BuMyExTa-vHLF4seNeCgLbnTdJPDAFc7htEsL1D3BR,1.79,1.79 TON Ref#GEYTCNJYG4======,51046249000001
2024-11-19 16:17:24,EQDgcvP2ixx0e2v7RScJSDsLmpxFIONjMwTUKw8tf4AcZc6K,3.68,3.68 TON Ref#GEYTCNJWGY======,51046247000001
2024-11-19 16:17:31,EQBGqlHVFiaPYxJZcvF-l-I2ntbXk3XmCZDehmXL8zrg8jFM,1.0,1 TON Ref#GEYTCNJYHE======,51046246000009
2024-11-19 16:17:31,EQBvLlcJSByqpFDUR49f3BOL3vCN4p9a9GG0O2LwOv4WRMsQ,0.93,0.93 TON Ref#GEYTCNJYGY======,51046246000008
2024-11-19 16:17:31,EQB-QxbK8d6T-nshcxLTLTYTxSsBUfp5ZHgVECbddoEZX6Xp,5.0,5 TON Ref#GEYTCNJYGM======,51046246000007
2024-11-19 16:17:31,EQBCdQsaZ-2HRHHZ-rF5f0KkMiUWEk6IvyGtSa5D4RWup0h5,2.66,2.66 TON Ref#GEYTCNJYHA======,51046246000006
2024-11-19 16:17:22,EQAyePXvv_5F0opZCB65U6lunusMbKsqtcqA9y8dbzPxoTO7,5.0,5 TON Ref#GEYTCNJXHA======,51046246000005
2024-11-19 16:17:22,EQCvEDboZgk-d9tGyMQ3EKjyN8cjVdUEsw5jnvJT06rrO5Ju,3.61,3.61 TON Ref#GEYTCNJWHA======,51046246000004
2024-11-19 16:17:21,EQDw2BiCidAeE98IR3Pf1rPx_VJq96h_tohn44SYKyZX_CFK,1.0,1 TON Ref#GEYTCNJXGU======,51046246000003
2024-11-19 16:17:22,EQCOfccdwgNAMDlMPthdZCMMcGc2kposhgWHX0AHxL3SnLCn,3.24,3.24 TON Ref#GEYTCNJXG4======,51046246000002
2024-11-19 16:17:21,EQDc8QOk0LfkDuJh42B5haWgpJ4GjZxF251_TnXBEmU_EAb9,5.0,5 TON Ref#GEYTCNJYGA======,51046246000001
2024-11-19 16:17:27,EQBmSrsbvXBkvENiEB7OPI3VmSe42ejpt7XpV2bIIuydzBHg,2.64,2.64 TON Ref#GEYTCNJYGI======,51046244000006
2024-11-19 16:17:27,EQBG0Kz2rBRBW_YdYAykU9-a_JGdfrnENoS2SoyJvO2n5jCc,3.37,3.37 TON Ref#GEYTCNJXGQ======,51046244000005
2024-11-19 16:17:17,EQDH-7gixfSx2UB7I-jXScCiWF0qYa_6ruNLc2p6w5nzdbwo,1.0,1 TON Ref#GEYTCNJVHA======,51046244000004
2024-11-19 16:17:17,EQDJ8TAIn3JNP6s-21_KeLhGhl1uXGsb1z6o9gO9F-HJFU92,1.0,1 TON Ref#GEYTCNJXGY======,51046244000003
2024-11-19 16:17:17,EQDeiwUS3ic5XOyE8NJ_McJh8AHHSlkuo8aCkiL4xr59uzgN,1.97,1.97 TON Ref#GEYTCNJXGA======,51046244000002
2024-11-19 16:17:17,EQDx4oGAa3PmdpLdI6HV0yo8kuDY0MQOeXGqrjtVxCRxDbmS,1.0,1 TON Ref#GEYTCNJXGE======,51046244000001
2024-11-19 16:17:23,EQBKfdwpfmMA5AUzc62I9eQTQHaXiPWBqaoAN-R-1LldL-40,2.81,2.81 TON Ref#GEYTCNJYGE======,51046243000005
2024-11-19 16:17:14,EQDmIvqaQ-jftKUNZ5TQD0dyudDf0Tl5bbKZNiSHeCzl_n-m,3.86,3.86 TON Ref#GEYTCNJVGY======,51046243000004
2024-11-19 16:17:13,EQAoKYdDD8owkMnsCr-GrjuaCjFxy8mTI3kRhTljl7rUYviV,3.24,3.24 TON Ref#GEYTCNJVGM======,51046243000003
2024-11-19 16:17:13,EQAXpG1fLVRj2pRNiVv00HRRc5_Nw3IxjGu4UXBu4AxVD4b5,2.71,2.71 TON Ref#GEYTCNJWHE======,51046243000002
2024-11-19 16:17:14,EQDIow97AGqEifxusXWll5AhaUkKX_vAOZfyB15kmx4X559F,2.6,2.6 TON Ref#GEYTCNJWGM======,51046243000001
2024-11-19 16:17:20,EQBa385aBw4fc5Pvb1BO7JfSSoVFlH8qjlKRcOQcWsCFJBJa,1.0,1 TON Ref#GEYTCNJXGI======,51046242000003
2024-11-19 16:17:05,EQC4jijC7GwSj-zctsbgo2UpDKZsxx00rPG72q16VldcVETb,1.79,1.79 TON Ref#GEYTCNJVGE======,51046242000001
2024-11-19 16:17:17,EQBfj9qJdy-tiiqU7Dd5BQjDF3lLhP60ssgu6ghTgmhoLmEK,1.0,1 TON Ref#GEYTCNJXGM======,51046241000006
2024-11-19 16:17:10,EQDtxGRdulWMjBOUSGJhsHPvvwGYITsqmnpa1VUu9CUqfzDG,2.53,2.53 TON Ref#GEYTCNJWGU======,51046241000005
2024-11-19 16:17:10,EQDWKtxaxPB4exdQdpTjo8dAVBo9j_LFDCbWFw2x4LkJLTHo,1.0,1 TON Ref#GEYTCNJWGI======,51046241000004
2024-11-19 16:17:10,EQAYTmTMz8wq5fNcU04EqKqb3NHLsV53VWK1T9fVjXtF8yaU,3.43,3.43 TON Ref#GEYTCNJWGE======,51046241000003
2024-11-19 16:17:10,EQDXVbTXFBjyfClijlo6cVQ2Vy2B6QKSgUrVXW1ig3Antmj_,2.36,2.36 TON Ref#GEYTCNJUGU======,51046241000002
2024-11-19 16:17:06,EQDf0DGdVb0lpJ436GiXR0yeNZduG5yvs58BGXXUROsNmdbF,1.0,1 TON Ref#GEYTCNJVG4======,51046241000001
2024-11-19 16:17:10,EQBjQ61qagCUMo4graSkWWEcXaHE08ueLDuyKhbPnS2shrmr,1.0,1 TON Ref#GEYTCNJVGI======,51046238000003
2024-11-19 16:17:07,EQBO3TwpGcvf2OkFE0Tqyi_lPFVvtzt0QWuRTWba3U9wpamr,5.0,5 TON Ref#GEYTCNJWGA======,51046237000003
2024-11-19 16:16:59,EQDw1W0seFFG2SnavjFK53HPbpftaiBJzYsPG48h4TEg2LQt,5.0,5 TON Ref#GEYTCNJUHE======,51046237000002
2024-11-19 16:16:56,EQDsdUsi7yjKftCx30ijoXpjzmySpxwf6xp_1weCq7FDoA7o,5.0,5 TON Ref#GEYTCNJUGY======,51046237000001
2024-11-19 16:17:03,EQBBpQ3dHVV_cd46S2nN5xD2AlbMAyt_p7qpKVaS2d9Mlfog,1.0,1 TON Ref#GEYTCNJVGA======,51046236000013
2024-11-19 16:16:53,EQDoywrl_BZf8yEHT6Yw-JDDAhN8WaADEhsvMXWdgA_fWQ0G,2.7,2.7 TON Ref#GEYTCNJUGA======,51046236000012
2024-11-19 16:16:53,EQAOyCuqFNYQAwiLvFKEWAhVnBeGx5W1oRu1pYcWcjZkM8Q0,1.0,1 TON Ref#GEYTCNJTGI======,51046236000011
2024-11-19 16:16:53,EQCgVRIsYgCaYsdVLQUz0XCjyM77fjSZhvP_mz3QUQ6qHZJf,0.1,0.1 TON Ref#GEYTCNJQHA======,51046236000010
2024-11-19 16:16:53,EQD68tD3vawu1VRqf4jQPi1wCAwJ2B8bjOzcz_XuPhFKHO_M,1.0,1 TON Ref#GEYTCNJUGQ======,51046236000009
2024-11-19 16:16:53,EQDcKa5YmaHi3Dctm0ZsqDF8G1SCBwJ-l8A5jevfTdXgH1rt,5.0,5 TON Ref#GEYTCNJUGM======,51046236000008
2024-11-19 16:16:53,EQAe0jto0DgZ0sq3ZjFcS7RIkaZxdGmYa_1RV1Lik7dPPvPV,3.0,3 TON Ref#GEYTCNJUGI======,51046236000007
2024-11-19 16:16:53,EQDFULUbqBi38rp5XeugxCUddLJ51YB3OnTKlPK_gKQYk3Pp,2.49,2.49 TON Ref#GEYTCNJTHA======,51046236000006
2024-11-19 16:16:53,EQARC4bcsBL_qZTSz7yvoqoto3A7wfHpSzCjjE6jQT14xUuE,1.0,1 TON Ref#GEYTCNJTGA======,51046236000005
2024-11-19 16:16:47,EQCspx5IJ7uvXdUUGWqtWe00vK5QOjySheQ8uJcKWJUvMW1S,5.0,5 TON Ref#GEYTCNJQG4======,51046236000004
2024-11-19 16:16:47,EQCcUvo6r8zHWsMxPo_mo1fb2GoEcmiTgTsF04K8Z-pChKro,2.71,2.71 TON Ref#GEYTCNJRGI======,51046236000003
2024-11-19 16:16:47,EQClS1D_c489ku9ThsANVtDpTdl9jAmjz1BgMNBsKBVDEvLg,2.33,2.33 TON Ref#GEYTCNJSG4======,51046236000002
2024-11-19 16:16:47,EQCHihemkZLUaBPB-FpFklnJ5EkM0vPqWtMmVErfzSVaU-x2,1.0,1 TON Ref#GEYTCNJTGU======,51046236000001
2024-11-19 16:17:00,EQBxKUxgM6wEnlZTHkDKTcGpSjNl1DovmZJUhLkzcHlPhrxW,1.0,1 TON Ref#GEYTCNJUHA======,51046235000007
2024-11-19 16:16:47,EQDtdujAqir7tjJmD0LnMB4PQlfcVjcUAhNglfLBcb9jgB_C,1.0,1 TON Ref#GEYTCNJTHE======,51046235000006
2024-11-19 16:16:47,EQDk1CU6PILvOsXHa4YafDhJ7rAGAVAAkjE7IV_sSfFxYTrD,1.0,1 TON Ref#GEYTCNJRG4======,51046235000005
2024-11-19 16:16:47,EQDkcyjaR5W40N4A_1XMEN2QtWOAR_uW4qlt2fgKFlptAVwT,5.0,5 TON Ref#GEYTCNJSGE======,51046235000004
2024-11-19 16:16:47,EQAYTmTMz8wq5fNcU04EqKqb3NHLsV53VWK1T9fVjXtF8yaU,2.53,2.53 TON Ref#GEYTCNJSHA======,51046235000003
2024-11-19 16:16:47,EQAdlJWmJwmQ2kmv8VCje9i1cePRpyZviFu6Bcn5PEsYXIJH,5.0,5 TON Ref#GEYTCNJTG4======,51046235000002
2024-11-19 16:16:47,EQDbBYHa6ngDXN6AGSFhsPcPzKDiS5U3vi1u451mE3mrj0N0,1.0,1 TON Ref#GEYTCNJSGU======,51046235000001
2024-11-19 16:16:53,EQBqPh6H_wdalm9h-A-hRTVgYevKRQQtsF6jCzM7egXmaOGc,2.83,2.83 TON Ref#GEYTCNJUGE======,51046233000004
2024-11-19 16:16:53,EQB1bj6huZFoz5i_XBcMDxCj4cBTaXYAo-E1D89z9LJI41jq,1.0,1 TON Ref#GEYTCNJTGM======,51046233000003
2024-11-19 16:16:47,EQB6JEP4qSNZQX07Q_axnw7HDVFC0X9ERgOK8kCbrQfN4mjS,0.1,0.1 TON Ref#GEYTCNJSGQ======,51046231000012
2024-11-19 16:16:47,EQBXpFwBzbukN7CKcFmounUd_l_uOdStf9jH4RZTYiPvpdx1,2.89,2.89 TON Ref#GEYTCNJRGQ======,51046231000011
2024-11-19 16:16:47,EQBlVJ8H08-FWLk0ELYQ7ij_O-HNfDuZsxrpal0lw0-8yF04,2.95,2.95 TON Ref#GEYTCNJQGQ======,51046231000010
2024-11-19 16:16:47,EQBWu5tiGQedDpKTZQC6waC9DkM7W5gPkfxcAgPym2gZaauk,3.68,3.68 TON Ref#GEYTCNJRGA======,51046231000009
2024-11-19 16:16:47,EQBtz9omi-jmrj8_Dx88CsEiYje3xncOU9lC9SwV5demKGqE,5.0,5 TON Ref#GEYTCNJSGM======,51046231000008
2024-11-19 16:16:37,EQAQqmn6vLNAHXwreurccKLYBKwpjYpXKEfbK-POUVtKdMu7,1.0,1 TON Ref#GEYTCNJQGI======,51046231000007
2024-11-19 16:16:34,EQAl27oBR1GDG0NJdIirNlsyGP_1oanaHNij8kVH7ROyNKQ5,1.11,1.11 TON Ref#GEYTCNJRGU======,51046231000006
2024-11-19 16:16:34,EQA35MN0B4vilhudVsS5RrhsL3QGVKh0yAPJwid-j5UL-inM,1.0,1 TON Ref#GEYTCNJQGA======,51046231000005
2024-11-19 16:16:36,EQD-Uc7gSmCIjMTqssFEV-Mp7nQpDyK9zRf5xGlA9dIDd3My,5.0,5 TON Ref#GEYTCNJQHE======,51046231000004
2024-11-19 16:16:34,EQAbp6vsk1K8_IwjFottXgmk1CwrPbpTWsqEPIylHGZhqgu-,5.0,5 TON Ref#GEYTCNJRHA======,51046231000003
2024-11-19 16:16:33,EQDtxGRdulWMjBOUSGJhsHPvvwGYITsqmnpa1VUu9CUqfzDG,2.51,2.51 TON Ref#GEYTCNJRGY======,51046231000002
2024-11-19 16:16:31,EQD6f96aVDSLCi7j2o-4shs8dkh_im2GtE2v4aNEsaKWH0ub,1.0,1 TON Ref#GEYTCNJQGU======,51046231000001
2024-11-19 16:16:29,EQAx0HkRu2Dp3D4FUAwlzpZSfcBmETXp4Qcmeh5jN7fIJgWg,5.0,5 TON Ref#GEYTCNJRGE======,51046228000007
2024-11-19 16:16:28,EQDx9vISNuf0NsyTqt-zyjxEWUJLWABm5eivE0akgBiUTGAI,2.8,2.8 TON Ref#GEYTCNJQGM======,51046228000006
2024-11-19 16:16:28,EQCFWsoObBgqYZijb0GwQLfsGY7X1gtpVu3MDyAB0HBh6qe4,1.0,1 TON Ref#GEYTCNJQGY======,51046228000005
2024-11-19 16:16:25,EQCvEDboZgk-d9tGyMQ3EKjyN8cjVdUEsw5jnvJT06rrO5Ju,2.42,2.42 TON Ref#GEYTCNBZHE======,51046228000004
2024-11-19 16:16:25,EQCh4T2IXau0rnSVBubuzi-ihcJrUXTNngwyGvSVituKjLLj,1.0,1 TON Ref#GEYTCNBZG4======,51046228000003
2024-11-19 16:16:25,EQC1byMOVu16dSEprOMpgt0YcB3b2H3-uu_OJvKFcXazlTcV,5.0,5 TON Ref#GEYTCNJQGE======,51046228000002
2024-11-19 16:16:25,EQCTlx8rXsXct7j_t0d1GDQUJ_TJCvH3SdIAqgQVj6DB5DsE,5.0,5 TON Ref#GEYTCNBZGU======,51046228000001
2024-11-19 16:16:24,EQAOnFe_TbbNAukNihFuTxxTb3RV37l1wbMDtudAIc-zEE1G,2.1,2.1 TON Ref#GEYTCNBYGY======,51046227000001
2024-11-19 16:16:28,EQBdKfeZhl9fBDj8UIghqQH5tHN4RY5Effp1xv6Kec2eq2CO,2.0,2 TON Ref#GEYTCNBYG4======,51046225000003
2024-11-19 16:16:18,EQCmc8925Bjp7bt-spJl8g1W3as2KHE6aeMqdmcPS2EMwmYg,2.56,2.56 TON Ref#GEYTCNBYGE======,51046225000002
2024-11-19 16:16:18,EQAkZ9fwLHNOz_PG8oJ0vz9GjfWkkQkax6r5x5_hZwav7eUQ,5.0,5 TON Ref#GEYTCNBYGQ======,51046225000001
2024-11-19 16:16:25,EQBnQLhhKYmN6uZi2fVnRtrw_B-sf0y3eSMtK0vv3AWnNzdT,4.0,4 TON Ref#GEYTCNBZGM======,51046224000005
2024-11-19 16:16:25,EQBrd2v-aYbTHYg8ufE9x-drLJfnubc3CKBSO3gj1y28QWFa,5.0,5 TON Ref#GEYTCNBYGU======,51046224000004
2024-11-19 16:16:16,EQCvywRpLIXSLBTt6ERWhW2rtix5v9urj5GXJGEvQbssAtQw,2.74,2.74 TON Ref#GEYTCNBYGA======,51046224000003
2024-11-19 16:16:16,EQAmGo8Fuvcid_AXa1y_EoZctltYYnReKusgRpmugZ2pSI3A,1.0,1 TON Ref#GEYTCNBYGM======,51046224000002
2024-11-19 16:16:16,EQAvpeOzN8SKuc4VnOwy-EVBTFGVO9NDcfpyH7pm2TgE_ghz,1.79,1.79 TON Ref#GEYTCNBWGA======,51046224000001
2024-11-19 16:16:22,EQBKfdwpfmMA5AUzc62I9eQTQHaXiPWBqaoAN-R-1LldL-40,2.84,2.84 TON Ref#GEYTCNBZGA======,51046223000005
2024-11-19 16:16:22,EQBYhgoTYEitGFKLhRhPupTa5To8rvykpF7SddxqVCP4VcxL,5.0,5 TON Ref#GEYTCNBYHA======,51046223000004
2024-11-19 16:16:13,EQA9bnJDJhTLCcOM07_ee-FlmpAOfKouBPTnWFOvwDYcoXOH,1.79,1.79 TON Ref#GEYTCNBWGI======,51046223000003
2024-11-19 16:16:12,EQCsa1hYLbLPnk8TpRSc0QkcG-5d7h5DYdJZ4WsKah5NLhwM,4.46,4.46 TON Ref#GEYTCMZQGI======,51046223000002
2024-11-19 16:16:12,EQC2gvjKsjgrEIVW6hXkYif0xamppoPX-bLUQyoo4wrDWdkw,2.2,2.2 TON Ref#GEYTCNBWHA======,51046223000001
2024-11-19 16:16:19,EQBGqlHVFiaPYxJZcvF-l-I2ntbXk3XmCZDehmXL8zrg8jFM,1.0,1 TON Ref#GEYTCNBYHE======,51046222000003
2024-11-19 16:16:16,EQBlbJC_D-kLYxNIeLZgFdNRIwznQu_G68KqrI8tF_vsp4sH,2.48,2.48 TON Ref#GEYTCNBXGU======,51046221000006
2024-11-19 16:16:06,EQA_ztcUexxdwC7n45yZSKU5QcXg0UOfhhU_KNo9-cWMQVt0,5.0,5 TON Ref#GEYTCNBXHA======,51046221000005
2024-11-19 16:16:06,EQA0eUoe0c3NupuT6IMBAtamUac1VJjXr2UfYsiVQnkShl0p,2.51,2.51 TON Ref#GEYTCNBWG4======,51046221000004
2024-11-19 16:16:07,EQCGcDLV8FPu7twsvqE76-iOkOyxl7XsJv28SeYLWCUDKvhT,1.79,1.79 TON Ref#GEYTCNBWGM======,51046221000003
2024-11-19 16:16:07,EQDtxGRdulWMjBOUSGJhsHPvvwGYITsqmnpa1VUu9CUqfzDG,2.55,2.55 TON Ref#GEYTCNBXGQ======,51046221000002
2024-11-19 16:16:07,EQDxe5slN_qsELmNd8Dyqf2jov9RgN3TT5KFchrD84dFYlyT,3.06,3.06 TON Ref#GEYTCNBVGQ======,51046221000001
2024-11-19 16:16:04,EQD8cZYJ49dmcYmIt4_p5cWmOE1QeD-100v4Hx8dejS8CxSz,5.0,5 TON Ref#GEYTCNBXGE======,51046220000003
2024-11-19 16:16:03,EQCngQ3P2TSDBM6o91K_pUjKR5AGv0-v2ELHD74faK5QBE5W,3.3,3.3 TON Ref#GEYTCNBUHA======,51046220000002
2024-11-19 16:16:03,EQCRxSB-7nsKnup32uV0u8NpIPCgP671UyzIvw2Qgt6A_Ryh,1.0,1 TON Ref#GEYTCNBUGU======,51046220000001
2024-11-19 16:16:01,EQAzAwY46qMI22UsjpHmF-mmL3PGdNMIxamd_1Q1CkyY0U7m,1.0,1 TON Ref#GEYTCNBVHE======,51046219000002
2024-11-19 16:16:01,EQATYZUazhsmnL48b23rP2B_tsB1yhNuoTlflCjPwo74PPF-,4.0,4 TON Ref#GEYTCNBWGQ======,51046219000001
2024-11-19 16:16:07,EQBah4TOeYvTLBRcPq8EvrGP51iFANu1U5XI6uEUvkmzvbLr,3.0,3 TON Ref#GEYTCNBXGM======,51046218000005
2024-11-19 16:16:00,EQDbBYHa6ngDXN6AGSFhsPcPzKDiS5U3vi1u451mE3mrj0N0,1.0,1 TON Ref#GEYTCNBTHA======,51046218000004
2024-11-19 16:15:58,EQAlH2530k1cYxEcNcobuc_FWNurHvSwGnLNJLgpu2MwT0AP,1.0,1 TON Ref#GEYTCNBVGA======,51046218000003
2024-11-19 16:15:55,EQDrKCGdGFrgVQ6L3CjF8EdTdB2sux8M5jAzcbWHJKsy8icX,4.08,4.08 TON Ref#GEYTCNBTGU======,51046218000002
2024-11-19 16:15:55,EQDiH_ymCzCj3UgJvynFUgNr5r8prqnRR7NvNin4ktrWK2Ov,3.07,3.07 TON Ref#GEYTCNBTHE======,51046218000001
2024-11-19 16:15:55,EQAOyCuqFNYQAwiLvFKEWAhVnBeGx5W1oRu1pYcWcjZkM8Q0,1.0,1 TON Ref#GEYTCNBVGM======,51046216000003
2024-11-19 16:15:55,EQAYTmTMz8wq5fNcU04EqKqb3NHLsV53VWK1T9fVjXtF8yaU,3.2,3.2 TON Ref#GEYTCNBVGI======,51046216000002
2024-11-19 16:15:55,EQAYLn2NNzRM0ooWWWF4ITuBcldeGM6URWqREWWHVNVH5ah5,5.0,5 TON Ref#GEYTCNBVGY======,51046216000001
2024-11-19 16:16:01,EQB9JZ_KD-aGNMBpBwXqSjycEnKj4rtxpCNfZK5_t7oW96F-,1.0,1 TON Ref#GEYTCNBVHA======,51046215000006
2024-11-19 16:15:52,EQCQioHRZQ7LPrDJ9fGTdGbJ-3bAZ17cmgGXzCMH-35e4hlL,5.0,5 TON Ref#GEYTCNBUGI======,51046215000005
2024-11-19 16:15:52,EQCPerRT2AxWSSowO6vEdJTVPSVow7WtLhCkGzdfUNIZiCkV,1.22,1.22 TON Ref#GEYTCNBTGY======,51046215000004
2024-11-19 16:15:52,EQCaoDggl_sRuz9rffORkdjhAXLSj-lR_WC1DKVQx1U5GS4C,3.01,3.01 TON Ref#GEYTCNBUHE======,51046215000003
2024-11-19 16:15:52,EQAmZYHtTG6QqVWpLHn8xSwPuG0Duwucyj5esWz-l7r0ufh-,5.0,5 TON Ref#GEYTCNBUGA======,51046215000002
2024-11-19 16:15:52,EQCSQiGLc8eGnzMJJK5xb1yAWTfU47OKbNJk2n0lyOJJOrHs,5.0,5 TON Ref#GEYTCNBSGY======,51046215000001
2024-11-19 16:15:49,EQDtxGRdulWMjBOUSGJhsHPvvwGYITsqmnpa1VUu9CUqfzDG,2.65,2.65 TON Ref#GEYTCNBUG4======,51046214000007
2024-11-19 16:15:49,EQAlHYjJeaVnZUcuCrl_KU6jz975Z5VRfoyh50J1eC_bliwq,3.08,3.08 TON Ref#GEYTCNBSG4======,51046214000006
2024-11-19 16:15:49,EQAlLGtfvYQTPO7r_-z3qHnkfP62lU-WNg0sqOY4bGCvNp32,5.0,5 TON Ref#GEYTCNBUGE======,51046214000005
2024-11-19 16:15:49,EQDxyZzNH6BI2QplE7Co5J8j8MxIcU98pX1N4mgYwaluR82B,5.0,5 TON Ref#GEYTCNBUGQ======,51046214000004
2024-11-19 16:15:48,EQCVr6NsysTGzfiajpgo0gDOVIn6WI8eEHh-WtwiJD9mpANx,1.72,1.72 TON Ref#GEYTCNBSGE======,51046214000003
2024-11-19 16:15:48,EQCgJFAV8j6HpIo7HsYQhKLvUcz9NKu13gfp1qCmhbnXHIUW,1.0,1 TON Ref#GEYTCNBTG4======,51046214000002
2024-11-19 16:15:49,EQDoHqXToDEA845W2VAcVcoBQyMy_BHxmje9F2T10Ey2qrkI,3.13,3.13 TON Ref#GEYTCNBSHE======,51046214000001
2024-11-19 16:15:56,EQB_R2iRBYycJrWXzwBK640I2XefBq1M01O2u7dwj_3RKYJ9,1.0,1 TON Ref#GEYTCNBUGY======,51046213000007
2024-11-19 16:15:56,EQByMBmDU4yHA_lgSSwl5av0DNUclEF50rLUPcQuUY0qMe_3,2.06,2.06 TON Ref#GEYTCNBVG4======,51046213000006
2024-11-19 16:15:47,EQDw2BiCidAeE98IR3Pf1rPx_VJq96h_tohn44SYKyZX_CFK,1.0,1 TON Ref#GEYTCNBTGE======,51046213000005
2024-11-19 16:15:46,EQAki94oe2TPk4msTaa6jON8E82EF6s2ASjagjGeyS90r4Z6,1.0,1 TON Ref#GEYTCNBTGI======,51046213000004
2024-11-19 16:15:46,EQAKKyGj8kDF3UdIHzsBLehakLclvlpj5KvrLHqGZm-rzvid,3.2,3.2 TON Ref#GEYTCNBSHA======,51046213000003
2024-11-19 16:15:45,EQC0Qn3cXerx932l6l1It6f-jc9fyiQnk57-aR6QLPuSGd4O,1.0,1 TON Ref#GEYTCMZYHE======,51046213000002
2024-11-19 16:15:45,EQCi-OBiNkfy0cjps6msue9J_EJv-T9VXszAWSOFUb9XHGvm,5.0,5 TON Ref#GEYTCNBQGQ======,51046213000001
2024-11-19 16:15:53,EQBJ-pG74bo8Qrbx1dDkwIev8lATX54FZukImnghveydjfHI,4.77,4.77 TON Ref#GEYTCMZXGA======,51046212000004
2024-11-19 16:15:43,EQDNVn2BT41TkwZJXHQ6JBwWkFHhhvdsOjdyxIutcDfo8YAB,1.0,1 TON Ref#GEYTCNBTGA======,51046212000003
2024-11-19 16:15:43,EQDygPiPDalLO6MisX44ayQEZjVNL_grdCU7PmQaHkiNLK57,2.66,2.66 TON Ref#GEYTCNBSGU======,51046212000002
2024-11-19 16:15:42,EQCd_MIzhhRO-ANj2cRKgEr2tMuzeyo7_v7__YRWEhWFewGY,3.75,3.75 TON Ref#GEYTCNBRHA======,51046212000001
2024-11-19 16:15:50,EQB9skS7rL1qpSzZ-5LOER6FStaUy19EzVutLkGJ28tpbZX1,1.0,1 TON Ref#GEYTCNBUGM======,51046211000003
2024-11-19 16:15:41,EQDNb-q6-0zMsKkKX5nh258LyMh44DpNoSp7ni1aXO46-QeH,5.0,5 TON Ref#GEYTCNBQGM======,51046211000001
2024-11-19 16:15:38,EQAx0HkRu2Dp3D4FUAwlzpZSfcBmETXp4Qcmeh5jN7fIJgWg,1.0,1 TON Ref#GEYTCNBSGM======,51046210000004
2024-11-19 16:15:38,EQDgRqh00qykt3aVDdD3Nndeka8aMJXe_omAfQBRQVHa5dTF,1.99,1.99 TON Ref#GEYTCNBSGA======,51046210000003
2024-11-19 16:15:40,EQCspx5IJ7uvXdUUGWqtWe00vK5QOjySheQ8uJcKWJUvMW1S,1.0,1 TON Ref#GEYTCNBRGQ======,51046210000002
2024-11-19 16:15:40,EQCFWsoObBgqYZijb0GwQLfsGY7X1gtpVu3MDyAB0HBh6qe4,1.0,1 TON Ref#GEYTCNBRHE======,51046210000001
2024-11-19 16:15:36,EQCTlx8rXsXct7j_t0d1GDQUJ_TJCvH3SdIAqgQVj6DB5DsE,2.63,2.63 TON Ref#GEYTCNBRGY======,51046209000010
2024-11-19 16:15:36,EQCU57RdlnM8_GSvOf-eFldT_edFYzLphWrpFiZDd7shGOzZ,5.0,5 TON Ref#GEYTCNBRGE======,51046209000009
2024-11-19 16:15:35,EQDnOfL0EbPMMbhWMsrkTQOsUYH-rIaAMMKX_lTiN79WmmRm,1.81,1.81 TON Ref#GEYTCMZZG4======,51046209000008
2024-11-19 16:15:36,EQCy_K4lt64_tjAV0Ni75zQiwcwFyMZ-x00x_5jwSwlsY56U,5.0,5 TON Ref#GEYTCNBQHA======,51046209000007
2024-11-19 16:15:36,EQCnUXY_gAdVFw4tXJ1sOiDDPWiwe-aeVm9bYbGGkFwY6Kue,5.0,5 TON Ref#GEYTCMZZGQ======,51046209000006
2024-11-19 16:15:35,EQDk1CU6PILvOsXHa4YafDhJ7rAGAVAAkjE7IV_sSfFxYTrD,1.0,1 TON Ref#GEYTCNBQGU======,51046209000005
2024-11-19 16:15:36,EQC-J-SENheLf2KgRwrUppEdwAvMaUrbnYNj7SHZAa1rvRdD,5.0,5 TON Ref#GEYTCNBQGE======,51046209000004
2024-11-19 16:15:36,EQCh4T2IXau0rnSVBubuzi-ihcJrUXTNngwyGvSVituKjLLj,1.0,1 TON Ref#GEYTCNBQGY======,51046209000003
2024-11-19 16:15:36,EQCwsi-cb8lOkgQku9nnMFMGokatINIyvr6T63AsLC4IJ3jk,2.53,2.53 TON Ref#GEYTCNBRGI======,51046209000002
2024-11-19 16:15:36,EQC27dLG9nxGhDt-6cErgQLy2Cf7TrcHOK1VSxUFesk4qWe4,1.0,1 TON Ref#GEYTCNBRG4======,51046209000001
2024-11-19 16:15:33,EQA-_5OZ7ZRcV9q3z-oqQAZpTZgcsBYsza8iLUKkuPGsN8D2,0.87,0.87 TON Ref#GEYTCNBRGM======,51046208000007
2024-11-19 16:15:33,EQAYpzsCCILjtoMMeG0ouczbApHKFE69bGBXmE3k-dp9uAWp,2.55,2.55 TON Ref#GEYTCMZZHA======,51046208000006
2024-11-19 16:15:32,EQD68tD3vawu1VRqf4jQPi1wCAwJ2B8bjOzcz_XuPhFKHO_M,1.0,1 TON Ref#GEYTCNBRGA======,51046208000005
2024-11-19 16:15:27,EQCp2RshLDMf6zPJ832BDQgXKYEwd18MtMHNE7xHs0ZFMElZ,4.73,4.73 TON Ref#GEYTCMZWGY======,51046208000004
2024-11-19 16:15:27,EQCvEDboZgk-d9tGyMQ3EKjyN8cjVdUEsw5jnvJT06rrO5Ju,2.59,2.59 TON Ref#GEYTCMZZGI======,51046208000003
2024-11-19 16:15:27,EQCMAByJtpE8MxeR4ba1Dks4u_QTTcN4kVKGM4CkfNf-yHXj,2.66,2.66 TON Ref#GEYTCMZZGY======,51046208000002
2024-11-19 16:15:27,EQCTdg6UAz-fDoPQbmg2Mki5UPgXoTl1IJK9FYh8hmfkmK1e,2.06,2.06 TON Ref#GEYTCMZZGA======,51046208000001
2024-11-19 16:15:30,EQAZclneGfhu7M5bzCMitIIa2A3HII9I2PnOe0hUmeHH9DNU,0.53,0.53 TON Ref#GEYTCMZZGU======,51046207000001
2024-11-19 16:15:35,EQBa385aBw4fc5Pvb1BO7JfSSoVFlH8qjlKRcOQcWsCFJBJa,2.59,2.59 TON Ref#GEYTCNBQG4======,51046206000003
2024-11-19 16:15:29,EQDJ8TAIn3JNP6s-21_KeLhGhl1uXGsb1z6o9gO9F-HJFU92,1.0,1 TON Ref#GEYTCNBQGA======,51046206000002
2024-11-19 16:15:29,EQDKZGKbbEv3P89w4utagExCHqEBFjnVN0zwIzJCXBfSu5Eh,3.14,3.14 TON Ref#GEYTCNBRGU======,51046206000001
2024-11-19 16:15:33,EQBfj9qJdy-tiiqU7Dd5BQjDF3lLhP60ssgu6ghTgmhoLmEK,2.8,2.8 TON Ref#GEYTCMZXG4======,51046205000003
2024-11-19 16:15:26,EQD6rBEcM2v4pTDJ01K-XduyM9ZqpDFM2m-SAPIYuwYKUfoi,5.0,5 TON Ref#GEYTCMZYGQ======,51046205000002
2024-11-19 16:15:26,EQDsdUsi7yjKftCx30ijoXpjzmySpxwf6xp_1weCq7FDoA7o,1.0,1 TON Ref#GEYTCMZZGM======,51046205000001
2024-11-19 16:15:30,EQB1bj6huZFoz5i_XBcMDxCj4cBTaXYAo-E1D89z9LJI41jq,1.0,1 TON Ref#GEYTCMZYHA======,51046204000003
2024-11-19 16:15:22,EQCRaJ_2RYtjhTb7jobx_lO6GRPc5rm2TFYMIitHZPuD3lkv,2.78,2.78 TON Ref#GEYTCMZYGE======,51046204000002
2024-11-19 16:15:22,EQC9dKReYZlnx2v966NAzyNNOjL1fHZL5QeVLO9Sc_dowBNU,2.71,2.71 TON Ref#GEYTCMZXHE======,51046204000001
2024-11-19 16:15:28,EQBkSJ8TuXAhKQCD_egsZInMFCMdKxY7hQdkPbtH1QEXBOMc,1.0,1 TON Ref#GEYTCMZYGU======,51046203000005
2024-11-19 16:15:28,EQBAUOj8NApBmAsBVv75tbom1J7rSfl-9x952lLCIyrTAtYJ,5.0,5 TON Ref#GEYTCMZYG4======,51046203000004
2024-11-19 16:15:20,EQDcKa5YmaHi3Dctm0ZsqDF8G1SCBwJ-l8A5jevfTdXgH1rt,3.41,3.41 TON Ref#GEYTCMZYGI======,51046203000003
2024-11-19 16:15:19,EQAaj9P3QqP702QD8iH9IvQj2yWf9chmjzkf3kODlaPlrLVo,5.0,5 TON Ref#GEYTCMZVGU======,51046203000002
2024-11-19 16:15:19,EQCvywRpLIXSLBTt6ERWhW2rtix5v9urj5GXJGEvQbssAtQw,2.78,2.78 TON Ref#GEYTCMZVHE======,51046203000001
2024-11-19 16:15:25,EQBPgENgGcDyIs53bPekC0s5OlWIQb_H3ae3-QjijoTlycBf,2.87,2.87 TON Ref#GEYTCMZZGE======,51046202000003
2024-11-19 16:15:17,EQA1mdV4sSWv6HQ-uU0nJ8e-rNt1lMlEaGJ6Q0QvLJUD4OVK,5.0,5 TON Ref#GEYTCMZXHA======,51046202000001
2024-11-19 16:15:14,EQAaZyGQQ6d-JvWjrGQTOllrn-OYgj5Oys0bCCJ_1TVqpU93,2.52,2.52 TON Ref#GEYTCMZXGI======,51046201000002
2024-11-19 16:15:13,EQCf5WTBXh_81Uc6PHL4ZgpOy27g2-msjsc10yfF4LO8iHVF,4.71,4.71 TON Ref#GEYTCMZUGY======,51046201000001
2024-11-19 16:15:20,EQBnBgHivtQMSGUPJ0EWilThDzQDjETWb1hPYtrpuB0V_ttd,5.0,5 TON Ref#GEYTCMZYGY======,51046200000003
2024-11-19 16:15:12,EQA35MN0B4vilhudVsS5RrhsL3QGVKh0yAPJwid-j5UL-inM,1.18,1.18 TON Ref#GEYTCMZVG4======,51046200000001
2024-11-19 16:15:09,EQDgRqh00qykt3aVDdD3Nndeka8aMJXe_omAfQBRQVHa5dTF,1.99,1.99 TON Ref#GEYTCMZWHA======,51046199000006
2024-11-19 16:15:09,EQDMDD3yMvU2-YlfVYg2nS7qHP3pks6lOMrmwqNeLDt0QIqn,2.6,2.6 TON Ref#GEYTCMZWGA======,51046199000005
2024-11-19 16:15:09,EQARC4bcsBL_qZTSz7yvoqoto3A7wfHpSzCjjE6jQT14xUuE,1.0,1 TON Ref#GEYTCMZVHA======,51046199000004
2024-11-19 16:15:09,EQAYTmTMz8wq5fNcU04EqKqb3NHLsV53VWK1T9fVjXtF8yaU,5.0,5 TON Ref#GEYTCMZWGU======,51046199000003
2024-11-19 16:15:09,EQDh8W2CVoELJ2RrNE0ofGmQTL5Q4E37nUdEHiJoAWp9but7,2.69,2.69 TON Ref#GEYTCMZWGI======,51046199000002
2024-11-19 16:15:08,EQCoXI6ZKnxZkvCM4MoOfp6OnGHTdwNB_z7Pc1kOoWy8EPiJ,5.0,5 TON Ref#GEYTCMZWGM======,51046199000001
2024-11-19 16:15:15,EQB1KdhAOCJL1e31WzqTLtMWaDJF9MSsb6cJQpsByiiNV6p1,3.67,3.67 TON Ref#GEYTCMZXGE======,51046198000004
2024-11-19 16:15:15,EQBKfdwpfmMA5AUzc62I9eQTQHaXiPWBqaoAN-R-1LldL-40,2.74,2.74 TON Ref#GEYTCMZXGU======,51046198000003
2024-11-19 16:15:05,EQDoPONeZqmrqUjMNLvxvDxuHSg90A_rNrYnxhiAMTQdTTES,2.9,2.9 TON Ref#GEYTCMZUGU======,51046198000001
2024-11-19 16:15:12,EQBFXPKJkH69piJoET_9qMYUDgllvrH5lfKzgXl680rBLA9I,1.03,1.03 TON Ref#GEYTCMZWGQ======,51046197000004
2024-11-19 16:15:12,EQBGq3vAnM6aFfCv4pG3F_vZ5daP9HXkrffLW2ND_A-bvp40,3.93,3.93 TON Ref#GEYTCMZXGM======,51046197000003
2024-11-19 16:15:01,EQALYfopwC2XkVbaJvLTEEzejE7TxxN3XeNIbsnhAWIxB6a7,1.39,1.39 TON Ref#GEYTCMZVGI======,51046196000001
2024-11-19 16:15:07,EQBCDbjEZrFqnij1Xyjiw2IxbuckRnij4mY7x25YWiZijMid,3.0,3 TON Ref#GEYTCMZVGE======,51046195000005
2024-11-19 16:15:07,EQBGqlHVFiaPYxJZcvF-l-I2ntbXk3XmCZDehmXL8zrg8jFM,1.64,1.64 TON Ref#GEYTCMZWGE======,51046195000004
2024-11-19 16:15:07,EQBnZ-rIX96WGSc8f_Z1SS4mzvLwQp-OP6eqxp46DjNc9a6M,1.0,1 TON Ref#GEYTCMZVGQ======,51046195000003
